,Element,NID,S1,S2,S12,S_max,S_min
0,1,1,20000.000105287363,1.3882408893550746e-05,1.4669281952606153e-05,20000.000105287363,1.388241071254015e-05
1,1,2,20000.000105346673,1.4062132322578691e-05,-1.4177663659108488e-05,20000.000105346673,1.4062130503589287e-05
2,1,25,20000.000019236388,-1.4354262020788155e-05,-1.4117456404369602e-05,20000.000019236388,-1.4354263839777559e-05
3,1,24,20000.000019177078,-1.45339854498161e-05,1.472948920734504e-05,20000.000019177078,-1.4533983630826697e-05
4,2,2,20000.00010399757,1.3616926480608527e-05,1.5127757253589316e-05,20000.00010399757,1.3616925571113825e-05
5,2,3,20000.000104174414,1.4152825315250084e-05,-1.3597925146599584e-05,20000.000104174414,1.4152825315250084e-05
6,2,26,20000.000018426104,-1.4144115993985906e-05,-1.3418399804247566e-05,20000.000018426104,-1.4144115993985906e-05
7,2,25,20000.00001824926,-1.4680014828627463e-05,1.5307284340447086e-05,20000.00001824926,-1.4680015738122165e-05
11,3,26,20000.000016242087,-1.4864842341921758e-05,1.5957097904476637e-05,20000.000016242087,-1.486484325141646e-05
10,3,27,20000.000016600818,-1.3777778804069385e-05,-1.2556941930227458e-05,20000.000016600818,-1.3777778804069385e-05
8,3,3,20000.000101358626,1.3223615496826824e-05,1.5592933201162906e-05,20000.000101358626,1.3223616406321526e-05
9,3,4,20000.000101717356,1.4310679034679197e-05,-1.2921109250299817e-05,20000.000101717356,1.43106808536686e-05
15,4,27,20000.000013152385,-1.4915761312295217e-05,1.6543636500403786e-05,20000.000013152385,-1.4915760402800515e-05
12,4,4,20000.00009730953,1.28560968732927e-05,1.6130307263756376e-05,20000.00009730953,1.28560968732927e-05
13,4,5,20000.00009771669,1.4089911019254941e-05,-1.2062336170630833e-05,20000.00009771669,1.408991010976024e-05
14,4,28,20000.000013559544,-1.3681947166332975e-05,-1.1649006933983422e-05,20000.000013559544,-1.3681947166332975e-05
19,5,28,20000.000010834472,-1.4581220966647379e-05,1.714105296194265e-05,20000.000010834472,-1.4581219147657976e-05
18,5,29,20000.000010885924,-1.4425311746890657e-05,-9.383515007199611e-06,20000.000010885924,-1.442531356588006e-05
16,5,5,20000.000090012305,1.154746405518381e-05,1.708882943777421e-05,20000.000090012305,1.1547464964678511e-05
17,5,6,20000.000090063757,1.1703373274940532e-05,-9.43574899840256e-06,20000.000090063757,1.1703374184435233e-05
20,6,6,20000.00007170778,5.645900273520965e-06,1.8093190244911033e-05,20000.00007170778,5.645899364026263e-06
21,6,7,20000.00007277637,8.884059752745088e-06,-1.9797907308954546e-06,20000.00007277637,8.88406066223979e-06
22,6,30,20000.00001285698,-1.0889338227570988e-05,-8.95015186650522e-07,20000.00001285698,-1.0889336408581585e-05
23,6,29,20000.00001178839,-1.4127497706795111e-05,1.9177979745201973e-05,20000.00001178839,-1.4127497706795111e-05
27,7,30,20000.00000786465,-1.253680693480419e-05,2.1658066813454524e-05,20000.00000786465,-1.2536806025309488e-05
24,7,7,20000.000039442664,-2.1160631149541587e-06,1.7217748412789168e-05,20000.000039442664,-2.1160631149541587e-06
25,7,8,20000.000043816704,1.1138602530991193e-05,6.639114383568628e-06,20000.000043816704,1.1138603440485895e-05
26,7,31,20000.000012238692,7.178587111411616e-07,1.1079432784233986e-05,20000.000012238692,7.178605301305652e-07
28,8,8,20000.00000927376,-2.605684130685404e-07,8.266919678052475e-06,20000.00000927376,-2.6056659407913685e-07
29,8,9,20000.000014331068,1.5064610124682076e-05,5.3173861121473555e-06,20000.000014331068,1.5064608305692673e-05
30,8,10,20000.00000552649,1.2159099242126103e-05,1.0451319999496702e-05,20000.00000552649,1.2159100151620805e-05
31,8,31,20000.000000469183,-3.166079295624513e-06,1.3400853565401821e-05,20000.000000469183,-3.1660783861298114e-06
34,9,32,19999.99994440129,-1.4947529962228145e-05,-1.3255333873658281e-05,19999.99994440129,-1.4947530871722847e-05
35,9,23,19999.999944327337,-1.5171623999776784e-05,1.4804560523337173e-05,19999.999944327337,-1.5171623090282083e-05
32,9,24,20000.000028088216,1.2469466128095519e-05,1.472948920734504e-05,20000.000028088216,1.246946703759022e-05
33,9,25,20000.00002816217,1.2693560165644158e-05,-1.3330405189650415e-05,20000.00002816217,1.2693559256149456e-05
39,10,32,19999.99994408271,-1.5052663002279587e-05,1.6045236440798265e-05,19999.99994408271,-1.5052661183290184e-05
38,10,33,19999.99994403434,-1.5199228073470294e-05,-1.1790695691097289e-05,19999.99994403434,-1.5199228073470294e-05
37,10,26,20000.000027126673,1.2221242286614142e-05,-1.1741595704476404e-05,20000.000027126673,1.2221240467624739e-05
36,10,25,20000.00002717504,1.236780735780485e-05,1.6094335555166273e-05,20000.00002717504,1.236780735780485e-05
40,11,26,20000.000024942656,1.150051593867829e-05,1.7633900259742047e-05,20000.000024942656,1.1500516848172992e-05
41,11,27,20000.000025221452,1.234535920957569e-05,-9.807752638309385e-06,20000.000025221452,1.2345357390586287e-05
42,11,34,19999.999943306073,-1.4686716895084828e-05,-9.524729258749148e-06,19999.999943306073,-1.4686716895084828e-05
43,11,33,19999.999943027273,-1.5531560165982228e-05,1.7916921894796534e-05,19999.999943027273,-1.553156107547693e-05
46,12,35,19999.99994122595,-1.4586162251362111e-05,-7.4922195640519064e-06,19999.99994122595,-1.4586163160856813e-05
47,12,34,19999.999940934504,-1.546933526697103e-05,1.9588688734211057e-05,19999.999940934504,-1.5469333447981626e-05
44,12,27,20000.00002177302,1.1207376701349858e-05,1.929282753682761e-05,20000.00002177302,1.1207375791855156e-05
45,12,28,20000.00002206447,1.2090549716958776e-05,-7.788077272423849e-06,20000.00002206447,1.2090549716958776e-05
48,13,28,20000.000019339397,1.1191275916644372e-05,2.1001986112513726e-05,20000.000019339397,1.1191277735633776e-05
49,13,29,20000.00001843475,8.449917913821992e-06,-6.0037339878717735e-06,20000.00001843475,8.449918823316693e-06
50,13,36,19999.999937820656,-1.8152732081944123e-05,-6.922087172462081e-06,19999.999937820656,-1.8152732081944123e-05
51,13,35,19999.999938725305,-1.5411374079121742e-05,2.0083629438911915e-05,19999.999938725305,-1.541137316962704e-05
52,14,29,20000.000019337214,8.747731953917537e-06,2.2557764253541313e-05,20000.000019337214,8.747731044422835e-06
53,14,30,20000.000014794987,-5.016592695028521e-06,-1.1619036325177509e-06,20000.000014794987,-5.016594514017925e-06
54,14,37,19999.999943990006,-2.838223645085236e-05,-5.7729533220432405e-06,19999.999943990006,-2.8382237360347062e-05
55,14,36,19999.999948532233,-1.4617911801906303e-05,1.7946714564015825e-05,19999.999948532233,-1.4617911801906303e-05
58,15,38,19999.999983877202,-4.411970621731598e-06,1.5428339083535557e-05,19999.999983877202,-4.411969712236896e-06
59,15,37,19999.999979874876,-1.6540229808015283e-05,2.5454146218218344e-05,19999.999979874876,-1.6540230717509985e-05
57,15,31,20000.000013804984,5.4641977840219624e-06,1.1365371232904506e-05,20000.000013804984,5.464196874527261e-06
56,15,30,20000.000009802658,-6.664061402261723e-06,2.1391178367587294e-05,20000.000009802658,-6.664060492767021e-06
60,16,31,20000.000002035475,1.5802597772562876e-06,1.3686792014072343e-05,20000.000002035475,1.5802615962456912e-06
61,16,10,20000.00002032304,5.699712255591294e-05,4.519037478183285e-06,20000.00002032304,5.699712346540764e-05
62,16,11,19999.99999295661,4.796620032720966e-05,2.3083676913349283e-05,19999.99999295661,4.7966201236704364e-05
63,16,38,19999.999974669045,-7.450662451446988e-06,3.225144540528435e-05,19999.999974669045,-7.450660632457584e-06
64,17,23,19999.99995240488,9.30576970858965e-06,1.4804560523337173e-05,19999.99995240488,9.305771527579054e-06
65,17,32,19999.999953379167,1.2258163224032614e-05,-1.2851946575287057e-05,19999.999953379167,1.2258162314537913e-05
66,17,39,19999.99987082243,-1.498556048318278e-05,-1.1862895550622918e-05,19999.99987082243,-1.4985562302172184e-05
67,17,22,19999.999869848143,-1.7937953998625744e-05,1.5793612420254187e-05,19999.999869848143,-1.7937953089131042e-05
71,18,39,19999.99987167304,-1.4704858585901093e-05,1.5038242302229981e-05,19999.99987167304,-1.4704859495395795e-05
68,18,32,19999.999953060586,1.2153030183981173e-05,1.6448623739169488e-05,19999.999953060586,1.2153032002970576e-05
69,18,33,19999.999951671256,7.942934644233901e-06,-1.0816202566927058e-05,19999.999951671256,7.9429337347392e-06
70,18,40,19999.99987028371,-1.8914954125648364e-05,-1.2226584876119442e-05,19999.99987028371,-1.8914954125648364e-05
74,19,41,19999.999872070366,-1.5861592146393377e-05,-6.816942321824712e-06,19999.999872070366,-1.5861591236898676e-05
75,19,40,19999.99987115796,-1.862645149230957e-05,1.9817644647023818e-05,19999.99987115796,-1.862645149230957e-05
72,19,33,19999.999950664187,7.610602551721968e-06,1.8891413274461015e-05,19999.999950664187,7.610604370711371e-06
73,19,34,19999.99995157659,1.037546189763816e-05,-7.743170205376015e-06,19999.99995157659,1.0375460988143459e-05
78,20,42,19999.999870579897,-1.7441630006942432e-05,-5.243258573766631e-06,19999.999870579897,-1.7441630916437134e-05
79,20,41,19999.99987098288,-1.6220462384808343e-05,2.0961154210900734e-05,19999.99987098288,-1.6220463294303045e-05
76,20,34,19999.99994920502,9.59284352575196e-06,2.137024778758419e-05,19999.99994920502,9.592844435246661e-06
77,20,35,19999.999948802037,8.37167590361787e-06,-4.834168486094677e-06,19999.999948802037,8.371676813112572e-06
80,21,35,19999.999946301392,7.546464075858239e-06,2.2741684005880647e-05,19999.999946301392,7.546463166363537e-06
81,21,36,19999.999949445242,1.7073282833734993e-05,-5.238408847778246e-06,19999.999949445242,1.707328192424029e-05
82,21,43,19999.99986592259,-1.0489193300600164e-05,-2.0469262902253003e-06,19999.99986592259,-1.0489195119589567e-05
83,21,42,19999.99986277874,-2.0016012058476917e-05,2.5933163074422093e-05,19999.99986277874,-2.0016010239487514e-05
84,22,36,19999.99996015682,2.0608103113772813e-05,1.9630392888699656e-05,19999.99996015682,2.060810220427811e-05
85,22,37,19999.999957742413,1.329171846009558e-05,-2.01479528549708e-05,19999.999957742413,1.3291719369590282e-05
86,22,44,19999.999839001084,-2.58929203482694e-05,-2.2598941567293046e-05,19999.999839001084,-2.58929212577641e-05
87,22,43,19999.99984141549,-1.8576535694592167e-05,1.717940417637741e-05,19999.99984141549,-1.8576534785097465e-05
91,23,44,19999.99985904401,-1.9278755644336343e-05,-3.835212157775127e-06,19999.99985904401,-1.9278755644336343e-05
90,23,45,19999.99984435225,-6.379922979249386e-05,-4.892060956152273e-05,19999.99984435225,-6.379923070198856e-05
88,23,37,19999.999993627283,2.5133725102932658e-05,1.1079146685290786e-05,19999.999993627283,2.513372601242736e-05
89,23,38,19999.999978935524,-1.938674904522486e-05,-3.400625071845682e-05,19999.999978935524,-1.938674904522486e-05
95,24,45,20000.000002193985,-1.171145686384989e-05,1.9523308147666935e-05,20000.000002193985,-1.1711457773344591e-05
92,24,38,19999.999969727367,-2.242544087494025e-05,-1.718314439670802e-05,19999.999969727367,-2.2425439965445548e-05
93,24,11,20000.000005885966,8.714607247384265e-05,-6.306827906099766e-06,20000.000005885966,8.714607247384265e-05
94,24,12,20000.000038352584,9.786005648493301e-05,3.039962463827519e-05,20000.000038352584,9.786005830392241e-05
99,25,169,19999.999829995384,-2.4721074623812456e-05,1.8882299976416655e-05,19999.999829995384,-2.4721073714317754e-05
98,25,167,19999.99983483335,-1.0060572094516829e-05,-9.39914926774202e-06,19999.99983483335,-1.0060572094516829e-05
97,25,39,19999.99987704447,3.869096872222144e-06,-1.1854783598879758e-05,19999.99987704447,3.869095962727442e-06
96,25,22,19999.999874625486,-3.4611548471730202e-06,2.2859410231995794e-06,19999.999874625486,-3.4611548471730202e-06
100,26,39,19999.99987789508,4.149798769503832e-06,1.5046351637214514e-05,19999.99987789508,4.149798769503832e-06
101,26,40,19999.99987490233,-4.91913942823885e-06,9.08006520979837e-07,19999.99987490233,-4.919140337733552e-06
102,26,172,19999.999829705568,-2.7915403734368738e-05,-1.6268430251114752e-05,19999.999829705568,-2.791540464386344e-05
103,26,167,19999.99983569107,-9.77752551989397e-06,1.2008258236848849e-05,19999.99983569107,-9.777526429388672e-06
106,27,173,19999.999838581687,-1.1459908819233533e-05,-3.3590458239688683e-06,19999.999838581687,-1.1459909728728235e-05
107,27,175,19999.99983302725,-2.8291536182223354e-05,2.2912561833223882e-05,19999.99983302725,-2.8291535272728652e-05
104,27,40,19999.99987501582,-6.935976671229582e-06,6.957458771073762e-06,19999.99987501582,-6.935977580724284e-06
105,27,41,19999.999877793038,1.479837010265328e-06,-6.178341568511111e-06,19999.999877793038,1.4798351912759244e-06
108,28,41,19999.99987670555,1.1209667718503624e-06,2.1599751475202833e-05,19999.99987670555,1.1209667718503624e-06
109,28,42,19999.99987377377,-7.763220310152974e-06,9.039383335679984e-06,19999.99987377377,-7.763221219647676e-06
110,28,178,19999.999833348353,-2.9020307010796387e-05,-6.4971953516956e-06,19999.999833348353,-2.9020306101301685e-05
111,28,173,19999.999839211916,-1.1251932846789714e-05,1.862355488339611e-05,19999.999839211916,-1.1251933756284416e-05
115,29,181,19999.99982321304,-3.3709887247823644e-05,3.5619569637182556e-05,19999.99982321304,-3.370988633832894e-05
112,29,42,19999.999867964692,-4.301002263673581e-06,1.6940037053241386e-05,19999.999867964692,-4.301004082662985e-06
113,29,43,19999.999873386616,1.212907227454707e-05,3.7645875869428468e-06,19999.999873386616,1.212907227454707e-05
114,29,179,19999.999834056885,-8.497390808770433e-07,9.268656748539466e-06,19999.999834056885,-8.497372618876398e-07
119,30,179,19999.99981571768,-6.901675988046918e-06,2.879358379754353e-05,19999.99981571768,-6.901675078552216e-06
118,30,184,19999.99982714982,2.7741169105865993e-05,6.5751677807520075e-06,19999.99982714982,2.774116728687659e-05
116,30,43,19999.999848879517,4.041729880555067e-06,2.2990911075522552e-05,19999.999848879517,4.0417289710603654e-06
117,30,44,19999.999854595586,2.136315197276417e-05,1.1881696089103788e-05,19999.999854595586,2.1363153791753575e-05
120,31,44,19999.999879624957,4.3087762605864555e-05,-3.403049237037573e-05,19999.999879624957,4.3087762605864555e-05
121,31,45,19999.999868752693,1.0141501661564689e-05,-9.827183292267593e-05,19999.999868752693,1.0141502571059391e-05
122,31,185,19999.999676987518,-5.31410059920745e-05,-0.00010930881839297129,19999.999676987518,-5.31410078110639e-05
123,31,187,19999.99969873205,1.2751514987030532e-05,1.917384875558309e-05,19999.99969873205,1.2751515896525234e-05
124,32,45,20000.00002659443,6.222927459020866e-05,-2.9827908235463258e-05,20000.00002659443,6.222927549970336e-05
125,32,12,20000.000000700882,-1.6236012015724555e-05,-0.0001649226150383274,20000.000000700882,-1.6236012015724555e-05
126,32,190,19999.999571539556,-0.00022777966751164058,-0.0003263031855993832,19999.999571539556,-0.00022777966842113528
127,32,185,19999.999623326647,-7.084909339027945e-05,-5.611378594970097e-05,19999.999623326647,-7.084909520926885e-05
194,33,70,19999.999725463156,-7.642781383765396e-06,-1.3938949853376293e-06,19999.999725463156,-7.642782293260098e-06
195,33,69,19999.999724354657,-5.849047738593072e-06,4.162216271829303e-07,19999.999724354657,-5.849047738593072e-06
196,33,91,19999.99980067945,-4.169767635175958e-06,-5.90964407017987e-07,19999.99980067945,-4.169767635175958e-06
197,33,92,19999.99976215031,-6.650687282672152e-06,8.833915448301612e-07,19999.99976215031,-6.650687282672152e-06
198,33,93,19999.99972579861,-4.049844392284285e-06,-7.343697577910521e-07,19999.99972579861,-4.049845301778987e-06
199,33,94,19999.999763010233,-6.808640137023758e-06,-1.2286963964674824e-06,19999.999763010233,-6.80864104651846e-06
192,33,21,19999.999801203925,-7.920653843029868e-06,-3.3625747070005722e-06,19999.999801203925,-7.92065475252457e-06
193,33,20,19999.999798375564,-5.811022674606647e-06,2.6717157915065147e-06,19999.999798375564,-5.811023584101349e-06
204,34,95,19999.99980217243,-5.94480661675334e-06,2.3261204796616157e-06,19999.99980217243,-5.94480661675334e-06
200,34,20,19999.99979883338,-5.659940143232234e-06,-1.6029705106095176e-06,19999.99979883338,-5.659941962221637e-06
201,34,19,19999.999803504794,-1.231052738148719e-05,6.021618660833253e-06,19999.999803504794,-1.231052738148719e-05
202,34,71,19999.999728222665,-1.1214006008231081e-05,-1.9903484797018215e-06,19999.999728222665,-1.1214007827220485e-05
203,34,70,19999.999724966456,-7.80669415689772e-06,-5.300715615188724e-07,19999.999724966456,-7.806695066392422e-06
205,34,96,19999.999766213175,-1.1646950042631943e-05,1.8412769742488028e-06,19999.999766213175,-1.1646949133137241e-05
206,34,97,19999.9997275979,-6.469926120189484e-06,-1.1434083825433452e-06,19999.9997275979,-6.469927029684186e-06
207,34,92,19999.99976224938,-6.6179936766275205e-06,-1.240877407875357e-06,19999.99976224938,-6.617992767132819e-06
215,35,96,19999.99976646233,-1.1564728083612863e-05,-1.113409861645413e-06,19999.99976646233,-1.1564727174118161e-05
209,35,18,19999.99980277699,-1.2715462617052253e-05,9.763743991723426e-06,19999.99980277699,-1.2715463526546955e-05
210,35,72,19999.99973512564,-2.0155130187049508e-05,-8.176986917565722e-07,19999.99973512564,-2.0155130187049508e-05
211,35,71,19999.999727203314,-1.1550391718628816e-05,-1.0947776679695369e-06,19999.999727203314,-1.155039353761822e-05
213,35,99,19999.999769740392,-1.6174901247723028e-05,4.992496339063654e-06,19999.999769740392,-1.6174901247723028e-05
214,35,100,19999.999732339555,-1.2291944585740566e-05,-1.5166244539472673e-06,19999.999732339555,-1.2291944585740566e-05
208,35,19,19999.999804143292,-1.2099822924938053e-05,-2.170981583205863e-06,19999.999804143292,-1.2099822924938053e-05
212,35,98,19999.999804635198,-8.84683322510682e-06,3.2359883882780015e-06,19999.999804635198,-8.84683322510682e-06
216,36,18,19999.99980816794,-1.0936450053122826e-05,3.188886732995135e-06,19999.99980816794,-1.093645187211223e-05
217,36,17,19999.999804431318,-2.1702143385482486e-05,2.19111213287146e-05,19999.999804431318,-2.1702144294977188e-05
218,36,73,19999.999750546976,-2.498715002730023e-05,7.87803445599112e-06,19999.999750546976,-2.4987148208310828e-05
219,36,72,19999.99973270933,-2.095251238642959e-05,3.348788130151711e-07,19999.99973270933,-2.095251329592429e-05
220,36,101,19999.999807401146,-1.298136430705199e-05,1.1640556548124525e-05,19999.999807401146,-1.2981363397557288e-05
221,36,102,19999.99977832252,-2.306963324372191e-05,1.4912830656027845e-05,19999.99977832252,-2.3069631424732506e-05
222,36,103,19999.999742729662,-1.963189697562484e-05,3.1970091517728027e-06,19999.999742729662,-1.9631897885119542e-05
223,36,99,19999.999771271974,-1.566947867104318e-05,1.7801425147031445e-06,19999.999771271974,-1.5669476852053776e-05
224,37,17,19999.99981876624,-1.697162133496022e-05,1.2773075725768773e-05,19999.99981876624,-1.697162224445492e-05
225,37,16,19999.99979356739,1.4630983969254885e-05,3.840193070596003e-05,19999.99979356739,1.4630983059760183e-05
226,37,74,19999.999771332055,-4.798119334736839e-05,3.472950884686549e-05,19999.999771332055,-4.798119334736839e-05
227,37,73,19999.999747366266,-2.6036781491711736e-05,7.810884940615264e-06,19999.999747366266,-2.6036781491711736e-05
231,37,102,19999.99978329439,-2.142891571565997e-05,1.3570712601386345e-05,19999.99978329439,-2.1428917534649372e-05
230,37,106,19999.999759115068,-3.771837418753421e-05,1.8129434096398322e-05,19999.999759115068,-3.771837509702891e-05
229,37,105,19999.99978267783,-1.6599828995822463e-05,3.9844441577572576e-05,19999.99978267783,-1.659982808632776e-05
228,37,104,19999.999805932726,-1.8797009033733048e-06,2.244676484160286e-05,19999.999805932726,-1.879699993878603e-06
238,38,109,19999.999801217953,-3.944064701499883e-06,7.839356670079731e-05,19999.999801217953,-3.944063792005181e-06
239,38,105,19999.99978544317,-1.5687267477915157e-05,3.5575112652618534e-05,19999.99978544317,-1.5687266568420455e-05
237,38,108,19999.999758907237,1.8917348825198133e-05,8.840147520647261e-05,19999.999758907237,1.891734791570343e-05
233,38,15,19999.99972695168,-6.0129659686936066e-06,5.6178395464703055e-05,19999.99972695168,-6.012964149704203e-06
234,38,75,19999.999827990625,5.609984873444773e-05,0.0001285235164952249,19999.999827990625,5.609984873444773e-05
235,38,74,19999.99978075356,-4.487209844228346e-05,3.8013942159854796e-05,19999.99978075356,-4.487210026127286e-05
236,38,107,19999.999773951968,3.104405550402589e-07,4.373164698475699e-05,19999.999773951968,3.1043964554555714e-07
232,38,16,19999.99982726049,2.5749706765054725e-05,4.1035199335215464e-05,19999.99982726049,2.574970494606532e-05
247,39,108,19999.999794093095,3.0528682145813946e-05,0.0001247958635840468,19999.999794093095,3.0528681236319244e-05
246,39,112,19999.999748219685,-8.385200544580584e-05,0.00012143909259557753,19999.999748219685,-8.385200635530055e-05
245,39,111,19999.999671881196,8.338261250173673e-05,0.00017318876713384932,19999.999671881196,8.338261250173673e-05
244,39,110,19999.99965866749,0.00015623349463567138,7.729345346198768e-05,19999.99965866749,0.00015623349463567138
243,39,75,19999.99973982241,2.7004337425751146e-05,0.00012760154520570656,19999.99973982241,2.7004338335245848e-05
242,39,76,19999.99976477567,-0.00016998491719277808,0.00015843710089714192,19999.99976477567,-0.00016998491628328338
241,39,14,19999.999528058426,0.0003199438033334445,0.00013184876077575818,19999.999528058426,0.0003199438033334445
240,39,15,19999.999797435376,1.7246652532776352e-05,6.589852332363455e-05,19999.999797435376,1.7246653442271054e-05
255,40,111,19999.99949644074,2.5487262064416427e-05,0.00016552775617133264,19999.99949644074,2.5487261154921725e-05
253,40,114,19999.999305578694,-0.000282352278190956,0.0004024527526842517,19999.999305578698,-0.0002823522791004507
252,40,113,19999.999302623237,2.1450946405821014e-05,2.7037215407217974e-05,19999.999302623237,2.1450945496326312e-05
254,40,115,20000.000522949544,0.00031213066904456355,0.0005330657753660777,20000.000522949547,0.00031213066540658474
250,40,55,20000.00074455882,0.0003645059077825863,0.0009148791897933787,20000.00074455883,0.00036450589686864987
248,40,14,19999.999715094644,0.00038166575541254133,0.00017192564727764594,19999.999715094644,0.00038166575541254133
251,40,76,20000.0002077678,-2.379751549597131e-05,0.0002448474391073132,20000.0002077678,-2.379751458647661e-05
249,40,13,19999.998796579403,-0.0006223167911230121,-2.425611038258138e-05,19999.998796579403,-0.0006223167911230121
262,41,117,19999.999649820173,-3.1737927201902494e-06,-1.0750726032566621e-06,19999.999649820173,-3.173794539179653e-06
256,41,69,19999.99972487431,-4.274344973964617e-06,4.162220633093681e-07,19999.99972487431,-4.274344973964617e-06
257,41,70,19999.99972618381,-5.458975465444382e-06,-1.511880270556832e-06,19999.99972618381,-5.458976374939084e-06
258,41,77,19999.999649892812,-3.702323738252744e-06,-2.2014371646106145e-06,19999.999649892812,-3.702323738252744e-06
259,41,68,19999.999649734404,-2.6850320864468813e-06,-6.208347067432048e-08,19999.999649734404,-2.6850320864468813e-06
260,41,93,19999.99972553562,-4.846780939260498e-06,-4.911420434275832e-07,19999.99972553562,-4.846780939260498e-06
261,41,116,19999.999688097258,-4.5611986934090964e-06,-1.8823705517244768e-06,19999.999688097258,-4.561199602903798e-06
263,41,118,19999.9996873633,-3.460238076513633e-06,1.5135506348136224e-07,19999.9996873633,-3.460238076513633e-06
265,42,71,19999.999728690083,-9.797591701499186e-06,-2.3009219663381577e-06,19999.999728690083,-9.79759352048859e-06
264,42,70,19999.99972568711,-5.622886419587303e-06,-6.480559744851993e-07,19999.99972568711,-5.622885510092601e-06
271,42,116,19999.999688044154,-4.578722837322857e-06,-1.5285847853776128e-06,19999.999688044154,-4.578723746817559e-06
269,42,119,19999.999690263583,-8.521232302882709e-06,-3.936470249598782e-06,19999.999690263583,-8.521230483893305e-06
270,42,120,19999.99965042112,-5.456045983009972e-06,-3.817463556262242e-06,19999.99965042112,-5.456047801999375e-06
267,42,77,19999.99964964247,-3.7849395084776916e-06,-2.3168650043985327e-06,19999.99964964247,-3.7849385989829898e-06
268,42,97,19999.99972724934,-7.526173249061685e-06,-1.393643776509454e-06,19999.99972724934,-7.526174158556387e-06
266,42,78,19999.999651078306,-7.495267709600739e-06,-5.479757729447655e-06,19999.999651078306,-7.495265890611336e-06
272,43,71,19999.99972767073,-1.0133975592907518e-05,-1.4053528991116244e-06,19999.99972767073,-1.0133975592907518e-05
273,43,72,19999.99973599947,-1.750716273818398e-05,-1.7616350531884803e-06,19999.99973599947,-1.7507161828689277e-05
274,43,79,19999.999655383846,-1.641061044210801e-05,-1.0394686364789185e-05,19999.999655383846,-1.6410609532613307e-05
275,43,78,19999.999650355865,-7.733676284260582e-06,-5.734570706504957e-06,19999.999650355865,-7.733677193755284e-06
276,43,100,19999.999732005268,-1.3304940694069955e-05,-1.4485887296497934e-06,19999.999732005268,-1.3304939784575254e-05
277,43,121,19999.999696781924,-1.6599097762082238e-05,-6.068088805034179e-06,19999.999696781924,-1.6599096852587536e-05
278,43,122,19999.999653040006,-1.1556520803424064e-05,-7.929748584480204e-06,19999.999653040006,-1.1556519893929362e-05
279,43,119,19999.999690103585,-8.57403028931003e-06,-3.5598803040720064e-06,19999.999690103585,-8.574032108299434e-06
286,44,124,19999.999661657963,-2.4758646759437397e-05,-1.4228809950975551e-05,19999.999661657963,-2.4758646759437397e-05
284,44,103,19999.999741235973,-2.4158222913683858e-05,2.9060395485157707e-06,19999.999741235973,-2.415822382317856e-05
287,44,121,19999.9996967994,-1.6593330656178296e-05,-5.576466150272136e-06,19999.9996967994,-1.6593330656178296e-05
282,44,80,19999.999670118665,-3.4633536415640265e-05,-1.7129148454696346e-05,19999.999670118665,-3.4633536415640265e-05
283,44,79,19999.999652364604,-1.7406958249921445e-05,-1.0927207212382766e-05,19999.999652364604,-1.7406957340426743e-05
285,44,123,19999.999712912908,-3.232190283597447e-05,-4.9616813894741525e-06,19999.999712912908,-3.232190283597447e-05
280,44,72,19999.999733583158,-1.8304545847058762e-05,-6.09041847864976e-07,19999.999733583158,-1.830454493756406e-05
281,44,73,19999.999748056172,-3.253509021305945e-05,6.822441003952549e-06,19999.999748056172,-3.253509203204885e-05
288,45,73,19999.999744875444,-3.3584728043933865e-05,6.755298466599699e-06,19999.999744875444,-3.3584728953428566e-05
295,45,123,19999.99971307317,-3.2269015719066374e-05,-4.185460066458522e-06,19999.99971307317,-3.226901753805578e-05
293,45,125,19999.999752823507,-5.184779456612887e-05,9.86686172667788e-06,19999.999752823507,-5.184779365663417e-05
294,45,126,19999.999687999512,-5.2855772992188577e-05,-1.979478813267137e-05,19999.999687999512,-5.2855772082693875e-05
291,45,80,19999.999662584753,-3.711972567543853e-05,-1.841634249026652e-05,19999.999662584753,-3.7119727494427934e-05
290,45,81,19999.99971269065,-7.078471116983565e-05,-1.835294017324428e-05,19999.99971269065,-7.078471026034094e-05
289,45,74,19999.999774270356,-3.907725931640016e-05,3.4796525779804254e-05,19999.999774270356,-3.907725840690546e-05
292,45,106,19999.99975993473,-3.523454142850824e-05,1.9365744388216992e-05,19999.99975993473,-3.523454142850824e-05
297,46,75,19999.99979370514,-4.779556365974713e-05,9.989874503021516e-05,19999.99979370514,-4.7795565478736535e-05
298,46,82,19999.999841655695,-0.00010528981056268094,3.0630562309621334e-05,19999.999841655695,-0.00010528981147217564
299,46,81,19999.99970233371,-7.420250221912283e-05,-2.069453441891919e-05,19999.99970233371,-7.420250403811224e-05
300,46,109,19999.99978819185,-4.341710064181825e-05,6.261466569754314e-05,19999.99978819185,-4.341710155131295e-05
301,46,127,19999.99982313081,-7.474405992979882e-05,6.817499168060501e-05,19999.99982313081,-7.474406083929352e-05
302,46,128,19999.999771488066,-9.128138663072605e-05,-1.4072160312539245e-06,19999.999771488066,-9.128138481173664e-05
296,46,74,19999.999783691834,-3.596817168727284e-05,3.808095560378205e-05,19999.999783691834,-3.5968172596767545e-05
303,46,125,19999.999748463222,-5.3286688853404485e-05,1.1603538136083694e-05,19999.999748463222,-5.328668703441508e-05
310,47,130,19999.999786672477,-0.00011907787302334327,-2.5528999470991576e-05,19999.999786672477,-0.00011907787484233268
311,47,127,19999.999890878204,-5.238741869106889e-05,6.944612230721798e-05,19999.999890878204,-5.238741869106889e-05
309,47,129,20000.00000572243,6.00639104959555e-05,0.00012615383570695538,20000.00000572243,6.00639104959555e-05
308,47,112,19999.999764093234,-3.575034043024061e-05,0.00022014465151614412,19999.999764093234,-3.5750341339735314e-05
307,47,82,19999.999748300725,-0.0001360969508823473,3.6633375198456464e-05,19999.999748300725,-0.0001360969508823473
306,47,83,19999.99984296042,-4.7767269279574975e-05,-8.998914291263245e-05,19999.99984296042,-4.7767269279574975e-05
305,47,76,19999.99984056571,5.9681910897779744e-05,0.000339014708184226,19999.99984056571,5.968190998828504e-05
304,47,75,19999.999705536928,-7.689107496844372e-05,9.897678071871983e-05,19999.999705536928,-7.689107587793842e-05
313,48,55,20000.000813087405,0.0005721682900912128,-0.001131388340170147,20000.00081308742,0.0005721682737203082
312,48,76,20000.000283557856,0.00020586931623256532,0.00042542505337242025,20000.000283557856,0.00020586931532307062
316,48,115,20000.000510507416,0.0002744272524068947,-0.0003147800133542466,20000.000510507416,0.0002744272514974
317,48,131,19999.999780204715,0.0003948633739128127,-4.2358874475055095e-05,19999.999780204715,0.0003948633748223074
318,48,132,20000.00061503783,0.00041834893545456,0.0005481482975855378,20000.000615037832,0.00041834893272607587
319,48,129,19999.99962620588,-6.517655037896475e-05,0.00015840922369523747,19999.99962620588,-6.517655128845945e-05
314,48,56,20000.00054208704,0.0008098309126580716,0.0010875852591638892,20000.000542087055,0.0008098308971966617
315,48,83,20000.000763619006,0.00025605006521800533,-6.769191710402393e-05,20000.000763619006,0.00025605006521800533
320,49,68,19999.999649750443,-2.636425051605329e-06,-6.208347067432048e-08,19999.999649750443,-2.636425051605329e-06
321,49,77,19999.999649930298,-3.588733306969516e-06,-2.2625759854206507e-06,19999.999649930298,-3.5887314879801124e-06
322,49,84,19999.999574813202,-1.1630381777649745e-06,-1.8645731040505583e-06,19999.999574813202,-1.163036358775571e-06
323,49,67,19999.999575542868,-7.502285370719619e-07,4.714352342089572e-08,19999.999575542868,-7.502276275772601e-07
324,49,117,19999.999649922065,-2.8650256354012527e-06,-1.111223123686262e-06,19999.999649922065,-2.865024725906551e-06
325,49,133,19999.99961201644,-2.493137799319811e-06,-2.103036573207453e-06,19999.99961201644,-2.4931396183092147e-06
326,49,134,19999.999575259724,-7.0908572524786e-07,-8.576077498271699e-07,19999.999575259724,-7.0908572524786e-07
327,49,135,19999.99961229135,-1.8105811250279658e-06,-4.692371569624234e-08,19999.99961229135,-1.8105820345226675e-06
335,50,133,19999.99961199451,-2.5003746486618184e-06,-2.224202964664e-06,19999.99961199451,-2.50037555815652e-06
334,50,137,19999.99957380578,-1.555068593006581e-06,-3.3051580413137667e-06,19999.99957380578,-1.555068593006581e-06
333,50,136,19999.999611417577,-5.155862709216308e-06,-5.604294506015554e-06,19999.999611417577,-5.15586361871101e-06
332,50,120,19999.999650566704,-5.014881935494486e-06,-3.7832223973773497e-06,19999.999650566704,-5.0148810259997845e-06
329,50,78,19999.99965116856,-7.221779924293514e-06,-5.6322118315522836e-06,19999.99965116856,-7.221780833788216e-06
330,50,85,19999.999572342105,-2.867022885766346e-06,-5.280032755002291e-06,19999.999572342105,-2.8670219762716442e-06
328,50,77,19999.99964967995,-3.6713490771944635e-06,-2.378002080702818e-06,19999.99964967995,-3.6713499866891652e-06
331,50,84,19999.99957498453,-1.1065003491239622e-06,-1.7740472116083913e-06,19999.99957498453,-1.1065021681133658e-06
340,51,122,19999.999653293384,-1.0788709005282726e-05,-8.145516033813763e-06,19999.999653293384,-1.0788709914777428e-05
336,51,78,19999.999650446116,-7.460186679963954e-06,-5.887030042126841e-06,19999.999650446116,-7.46018486097455e-06
337,51,79,19999.999655493375,-1.6078684893727768e-05,-1.149802693923857e-05,19999.999655493375,-1.6078683984233066e-05
338,51,86,19999.999567605457,-6.8111339714960195e-06,-1.2710064178034805e-05,19999.999567605457,-6.811133062001318e-06
339,51,85,19999.99957269451,-2.7507303457241505e-06,-5.096146148272229e-06,19999.99957269451,-2.7507303457241505e-06
341,51,138,19999.99961131606,-1.1521916349011008e-05,-1.2475421176473075e-05,19999.99961131606,-1.1521915439516306e-05
343,51,136,19999.999611336945,-5.182471795706078e-06,-5.862966329794549e-06,19999.999611336945,-5.182471795706078e-06
342,51,139,19999.99957047363,-3.8002090150257573e-06,-8.356077877985688e-06,19999.99957047363,-3.800210834015161e-06
351,52,138,19999.99961165501,-1.1410063962102868e-05,-1.2966883336706006e-05,19999.99961165501,-1.1410062143113464e-05
349,52,140,19999.99961571769,-2.7044377020501997e-05,-2.5817268579345725e-05,19999.99961571769,-2.70443779299967e-05
348,52,124,19999.99966211035,-2.3387783585349098e-05,-1.45468891736065e-05,19999.99966211035,-2.3387783585349098e-05
350,52,141,19999.999563945523,-1.1238123988732696e-05,-2.0385701076769696e-05,19999.999563945523,-1.1238123988732696e-05
346,52,87,19999.999558372052,-2.0559666154440492e-05,-3.071975539966957e-05,19999.999558372052,-2.0559666154440492e-05
345,52,80,19999.99967016783,-3.448461120569846e-05,-1.9735576118463554e-05,19999.99967016783,-3.448461211519316e-05
344,52,79,19999.99965247413,-1.7075038158509415e-05,-1.203054429782065e-05,19999.99965247413,-1.7075039068004116e-05
347,52,86,19999.99956794026,-6.700648555124644e-06,-1.2723999289975527e-05,19999.99956794026,-6.700647645629942e-06
359,53,140,19999.999617683574,-2.6395634449727368e-05,-2.735147765126526e-05,19999.999617683574,-2.639563535922207e-05
357,53,142,19999.999639782298,-5.7497968555253465e-05,-4.957244762447657e-05,19999.999639782298,-5.749796764575876e-05
352,53,80,19999.999662633876,-3.697082138387486e-05,-2.102277364304523e-05,19999.999662633876,-3.697082138387486e-05
353,53,81,19999.999709919794,-7.918121355032781e-05,-2.528175067087155e-05,19999.999709919794,-7.918121264083311e-05
354,53,88,19999.999553021567,-4.130039087613113e-05,-7.021281165080897e-05,19999.999553021567,-4.130039087613113e-05
355,53,87,19999.99955610989,-2.1306176677171607e-05,-3.0029827798143655e-05,19999.99955610989,-2.1306175767676905e-05
356,53,126,19999.99968795747,-5.298317955748644e-05,-2.0440520425495945e-05,19999.99968795747,-5.298318137647584e-05
358,53,143,19999.99955624636,-2.6210463147435803e-05,-4.740960241609438e-05,19999.99955624636,-2.62104622379411e-05
366,54,145,19999.999559650623,-8.0532885476714e-05,-0.00010351493797993645,19999.999559650623,-8.0532885476714e-05
367,54,142,19999.99964575536,-5.552685797738377e-05,-5.137139591117783e-05,19999.99964575536,-5.5526859796373174e-05
363,54,88,19999.999551413704,-4.183098462817725e-05,-7.627306413600867e-05,19999.999551413704,-4.183098644716665e-05
360,54,81,19999.999699562843,-8.25990064186044e-05,-2.762335538358097e-05,19999.999699562843,-8.25990064186044e-05
361,54,82,19999.999837490297,-0.0001179121682071127,-2.246684410279937e-05,19999.999837490297,-0.0001179121682071127
365,54,144,19999.999721055556,-0.00011764425380533794,-8.10896933612806e-05,19999.999721055556,-0.00011764425289584324
362,54,89,19999.999564086615,-0.00013075263086648192,-0.00014086621567414536,19999.999564086615,-0.00013075262904749252
364,54,128,19999.99977042702,-9.449667777516879e-05,-1.9990403051566863e-05,19999.99977042702,-9.449667777516879e-05
368,55,82,19999.999744135348,-0.00014871930397930555,-1.646403121396424e-05,19999.999744135348,-0.00014871930397930555
369,55,83,19999.999849873093,-2.6819717277248856e-05,0.00026637947584727675,19999.999849873093,-2.681972000573296e-05
370,55,90,19999.9998089136,-0.0001177004069177201,-0.0002682960805798631,19999.9998089136,-0.0001177004087367095
371,55,89,19999.99946646912,-0.0001629664020583732,-0.00015443741324813054,19999.99946646912,-0.0001629664038773626
372,55,130,19999.999781339968,-0.00013523699090001173,0.0001126458625104058,19999.999781339968,-0.00013523699090001173
373,55,146,20000.000024883993,-7.748147254460491e-06,6.313645434575524e-06,20000.000024883993,-7.748145435471088e-06
374,55,147,19999.999622027088,-0.00018780088794301264,-0.000223678559618592,19999.999622027088,-0.00018780088794301264
375,55,144,19999.999800792943,-9.13309149837005e-05,-7.817878315270743e-05,19999.999800792943,-9.13309158931952e-05
376,56,83,20000.000770531722,0.0002769976335912361,0.00028867670863390825,20000.000770531726,0.0002769976326817414
377,56,56,20000.00054568633,0.0008207378541555954,-0.0010152558596191973,20000.000545686344,0.000820737843241659
378,56,57,20000.00091997688,0.0010664849642125773,0.0012225432944081799,20000.000919976897,0.001066484946932178
379,56,90,20000.000181936168,5.397045242716558e-06,-0.00022008586167232807,20000.000181936168,5.397047061705962e-06
381,56,148,19999.999839849763,0.000648927398287924,9.426424266261153e-05,19999.999839849763,0.000648927398287924
382,56,149,20000.00050744448,0.00040408642144029727,0.0004640030954229772,20000.000507444485,0.00040408641871181317
380,56,132,20000.000614597026,0.0004170131696810131,-0.00040051522783869674,20000.000614597026,0.000417013166952529
383,56,146,19999.99958325204,-0.00015348669148806948,2.4915938281875794e-05,19999.99958325204,-0.00015348669330705889
385,57,84,19999.999574949717,-7.493554221582599e-07,-1.7437678252845129e-06,19999.999574949717,-7.493545126635581e-07
386,57,65,19999.999503483923,3.7735571822850034e-07,-7.438572523190472e-09,19999.999503483923,3.773566277232021e-07
387,57,66,19999.999504400672,2.8721478884108365e-07,2.312865724963867e-08,19999.999504400672,2.8721478884108365e-07
388,57,134,19999.999575278922,-6.509135346277617e-07,-8.317201567319811e-07,19999.999575278922,-6.509144441224635e-07
389,57,150,19999.999538620672,-3.827290129265748e-07,-8.981762310717277e-07,19999.999538620672,-3.8272992242127657e-07
390,57,151,19999.99950392227,2.7158603188581765e-07,2.4433547551549193e-08,19999.99950392227,2.7158603188581765e-07
391,57,152,19999.999539428278,-2.686683728825301e-07,1.2556952397261965e-08,19999.999539428278,-2.686683728825301e-07
384,57,67,19999.99957564818,-4.310941221774556e-07,4.714352342089572e-08,19999.99957564818,-4.310932126827538e-07
399,58,150,19999.999538506585,-4.203766366117634e-07,-8.619986708029837e-07,19999.999538506585,-4.203757271170616e-07
392,58,84,19999.999575121048,-6.92815774527844e-07,-1.6532436773480971e-06,19999.999575121048,-6.928166840225458e-07
393,58,85,19999.999572796096,-1.4913130144122988e-06,-4.976000292680144e-06,19999.999572796096,-1.4913130144122988e-06
394,58,64,19999.99950031557,4.251305654179305e-07,-1.1155067575583761e-07,19999.99950031557,4.251305654179305e-07
395,58,65,19999.999504099553,5.805131877423264e-07,3.493198316237477e-08,19999.999504099553,5.805122782476246e-07
396,58,137,19999.9995739317,-1.1735010048141703e-06,-3.23608608060007e-06,19999.9995739317,-1.1734991858247668e-06
397,58,153,19999.99953545209,-8.973302101367153e-07,-2.5966200524338644e-06,19999.99953545209,-8.973293006420135e-07
398,58,154,19999.999502180668,4.2135252442676574e-07,4.0223069105816777e-08,19999.999502180668,4.213507054373622e-07
406,59,156,19999.999496526525,1.3089975254843011e-06,2.2877448421463382e-08,19999.999496526525,1.3089993444737047e-06
405,59,155,19999.99952744522,-2.117516487487592e-06,-6.764007039309776e-06,19999.99952744522,-2.1175183064769953e-06
404,59,139,19999.999570638753,-3.299837771919556e-06,-8.192659557234658e-06,19999.999570638753,-3.2998395909089595e-06
403,59,64,19999.99950191177,9.518771548755467e-07,9.128998596120015e-09,19999.99950191177,9.518771548755467e-07
401,59,86,19999.999568271367,-4.7932344386936165e-06,-1.2275267053612912e-05,19999.999568271367,-4.793233529198915e-06
400,59,85,19999.999573148507,-1.3750113794230856e-06,-4.792115430455833e-06,19999.999573148507,-1.3750104699283838e-06
407,59,153,19999.99953519785,-9.812292773858644e-07,-2.6951427592396117e-06,19999.99953519785,-9.812283678911626e-07
402,59,63,19999.99949128363,2.0975121515220962e-06,-6.454252598123636e-07,19999.99949128363,2.097513061016798e-06
411,60,63,19999.999496164528,3.7082054404891096e-06,-7.283311511332135e-07,19999.999496164528,3.7082063499838114e-06
409,60,87,19999.99956264703,-7.605218343087472e-06,-3.089279990315582e-05,19999.99956264703,-7.6052201620768756e-06
410,60,62,19999.99946635177,-4.286202965886332e-07,-2.5050963027020013e-06,19999.99946635177,-4.2861938709393144e-07
412,60,141,19999.999565592774,-6.246453267522156e-06,-2.0488899058988703e-05,19999.999565592774,-6.246453267522156e-06
408,60,86,19999.999568606167,-4.682750841311645e-06,-1.2289205654565138e-05,19999.999568606167,-4.6827517508063465e-06
413,60,157,19999.9995083232,-6.055071935406886e-06,-1.7011792063800456e-05,19999.9995083232,-6.05507375439629e-06
414,60,158,19999.999481224346,1.5373361748061143e-06,-5.145943064940726e-07,19999.999481224346,1.537337084300816e-06
415,60,155,19999.99952620915,-2.5254184947698377e-06,-6.821617597237975e-06,19999.99952620915,-2.5254194042645395e-06
422,61,160,19999.999435261423,9.685521035862621e-06,-2.0960794842715984e-06,19999.999435261423,9.685521945357323e-06
416,61,87,19999.99956038486,-8.351729775313288e-06,-3.0202879279652906e-05,19999.99956038486,-8.351729775313288e-06
417,61,88,19999.999553673173,-3.93258242183947e-05,-7.053464853882803e-05,19999.999553673173,-3.93258233089e-05
418,61,61,19999.9993964421,1.9193763364455663e-05,-1.0721090368864941e-05,19999.9993964421,1.9193765183445066e-05
419,61,62,19999.999474800927,2.359596692258492e-06,-1.6875720615205508e-06,19999.999474800927,2.359596692258492e-06
420,61,143,19999.999556668936,-2.4929928258643486e-05,-4.626050345579057e-05,19999.999556668936,-2.492993007763289e-05
421,61,159,19999.999464470337,-1.355983749817824e-05,-4.398557026388117e-05,19999.999464470337,-1.3559838407672942e-05
423,61,157,19999.999507005625,-6.4898713389993645e-06,-1.930292822512716e-05,19999.999507005625,-6.489870429504663e-06
430,62,162,19999.999319691866,-2.2081858332967386e-06,-1.0676431021633779e-05,19999.999319691866,-2.208187652286142e-06
429,62,161,19999.999361892646,-4.7484278184128925e-05,-0.0001085577109747502,19999.999361892646,-4.7484278184128925e-05
427,62,61,19999.999431378215,3.072268282267032e-05,-1.3744720072047264e-05,19999.999431378215,3.0722683732165024e-05
426,62,60,19999.999204486085,-4.580409586196765e-05,-3.050802822565583e-05,19999.999204486085,-4.580409586196765e-05
428,62,145,19999.999577679642,-2.5899495994963218e-05,-0.00012029952561469837,19999.999577679642,-2.5899495085468516e-05
424,62,88,19999.99955206531,-3.985642342740903e-05,-7.659491149106225e-05,19999.99955206531,-3.9856422517914325e-05
431,62,159,19999.999451484047,-1.7845312868303154e-05,-4.502145777895399e-05,19999.999451484047,-1.7845311958808452e-05
425,62,89,19999.99959977447,-2.2607616301684175e-05,-0.00018690406088288505,19999.99959977447,-2.2607617211178876e-05
434,63,59,19999.998619119357,0.00016441081061202567,-0.00017588475423387253,19999.998619119357,0.00016441080879303627
439,63,161,19999.99936468606,-4.6562450734199956e-05,-0.00014646937974043412,19999.99936468606,-4.6562450734199956e-05
433,63,90,19999.99971972813,-0.0003879595096805133,-0.00027749415113669684,19999.99971972813,-0.0003879595096805133
437,63,163,19999.999184708882,-0.00010673025280993897,-0.0002646745424645201,19999.999184708882,-0.00010673025099094957
438,63,164,19999.998912980816,7.34603927412536e-05,-5.035928949850561e-05,19999.998912980816,7.34603927412536e-05
436,63,147,19999.99961604131,-0.00020593960198311834,-0.0001931549704016353,19999.999616041314,-0.00020593960471160244
432,63,89,19999.999502156992,-5.482138476509135e-05,-0.00020047525147884722,19999.999502156992,-5.4821386584080756e-05
435,63,60,19999.999196644745,-4.839174107473809e-05,-1.649327959738915e-05,19999.999196644745,-4.8391742893727496e-05
440,64,90,20000.00009275064,-0.00026486207752896007,-0.0002292839357181733,20000.00009275064,-0.0002648620793479495
441,64,57,20000.00104294951,0.0014391292352229357,-0.0005035007501912768,20000.001042949512,0.0014391292315849569
442,64,58,19999.99689694501,0.0004434768579812953,-0.00024186723713030166,19999.996896945013,0.0004434768579812953
443,64,59,19999.998198349193,2.555666014814051e-05,-0.0004699047862914372,19999.998198349196,2.5556655600667e-05
444,64,149,20000.00037480824,2.158414645236917e-06,-0.0002805277175446381,20000.00037480824,2.1584164642263204e-06
445,64,165,19999.999367514036,0.0010725000856837141,-0.0003471650879000742,19999.999367514036,0.0010725000847742194
447,64,163,19999.999543116726,1.1544334483915009e-05,-0.0003240754657111247,19999.999543116726,1.1544330845936202e-05
446,64,166,19999.997354605326,-0.00035045837194047635,-0.000270021368855725,19999.997354605326,-0.00035045837284997106
128,65,169,19999.99983668114,-4.461200660443865e-06,4.376820135826799e-06,19999.99983668114,-4.461202479433268e-06
129,65,167,19999.999840430308,6.899906111357268e-06,-9.525060714841879e-06,19999.999840430308,6.89990702085197e-06
130,65,20,19999.999798932156,-6.7944838519906625e-06,-5.7190882179629045e-06,19999.999798932156,-6.794485670980066e-06
131,65,91,19999.99979518299,-1.8155590623791795e-05,8.182790888200022e-06,19999.99979518299,-1.8155591533286497e-05
132,66,22,19999.999841699533,5.643249096465297e-06,8.286105752304363e-06,19999.999841699533,5.643250915454701e-06
133,66,169,19999.999879981082,9.827779649640433e-06,-2.4102379302266863e-06,19999.999879981082,9.82777783065103e-06
134,66,91,19999.999797160624,-1.750297178659821e-05,-8.762403796294838e-06,19999.999797160624,-1.7502970877103508e-05
135,66,21,19999.999800289304,-8.022127076401375e-06,5.110022747699615e-06,19999.999800289304,-8.022128895390779e-06
139,67,172,19999.99987980677,7.600026947329752e-06,5.296657894811392e-06,19999.99987980677,7.600025128340349e-06
138,67,95,19999.999799627196,-1.8859233932744246e-05,1.1102066001850278e-05,19999.999799627196,-1.8859234842238948e-05
136,67,40,19999.999842576362,3.0351848181453533e-06,-5.230715577415379e-06,19999.999842576362,3.0351839086506516e-06
137,67,19,19999.999802486578,-1.0194443348154891e-05,-2.328008034884433e-06,19999.999802486578,-1.019444243866019e-05
140,68,167,19999.999841288027,7.182952685980126e-06,1.1882348534254742e-05,19999.999841288027,7.182952685980126e-06
141,68,172,19999.99983673516,-6.613605364691466e-06,-1.8394452432100246e-06,19999.99983673516,-6.613605364691466e-06
142,68,95,19999.99979577459,-2.0130592929490376e-05,-6.461289934324046e-06,19999.99979577459,-2.0130592019995674e-05
143,68,20,19999.999800327456,-6.334034878818784e-06,7.260498609623467e-06,19999.999800327456,-6.334033969324082e-06
147,69,98,19999.999799766112,-2.2720458218827844e-05,1.322552375938148e-05,19999.999799766112,-2.2720458218827844e-05
146,69,18,19999.999803559218,-1.1226189599256031e-05,3.018692751906377e-08,19999.999803559218,-1.1226187780266628e-05
144,69,175,19999.999839155178,-9.722067261463962e-06,9.374945994949632e-06,19999.999839155178,-9.722069080453366e-06
145,69,173,19999.999842948284,1.77220135810785e-06,-3.820390836912785e-06,19999.999842948284,1.77220135810785e-06
148,70,40,19999.999844298636,3.603536242735572e-06,1.203980064533661e-05,19999.999844298636,3.6035380617249757e-06
149,70,175,19999.99987956597,3.613494300225284e-06,3.1541710685459113e-06,19999.99987956597,3.6134952097199857e-06
150,70,98,19999.999800418766,-2.25050825974904e-05,-5.588880053197798e-06,19999.999800418766,-2.25050825974904e-05
151,70,19,19999.999804725045,-9.455749022890814e-06,7.668273339959003e-06,19999.999804725045,-9.455750841880217e-06
152,71,42,19999.99984537917,2.7187406885786913e-06,4.527554155260728e-06,19999.99984537917,2.718741598073393e-06
153,71,17,19999.999808522494,-9.443962881050538e-06,9.608238749059919e-06,19999.999808522494,-9.44396379054524e-06
154,71,101,19999.999803517647,-2.4610174477857072e-05,2.195521894509387e-05,19999.999803517647,-2.461017356836237e-05
155,71,178,19999.999877231,-2.847673385986127e-07,1.17938637135415e-05,19999.999877231,-2.847664291039109e-07
156,72,173,19999.999843578513,1.980177330551669e-06,1.816220987045219e-05,19999.999843578513,1.980177330551669e-06
157,72,178,19999.999838627118,-1.3024047802900895e-05,6.435118859044285e-06,19999.999838627118,-1.3024047802900895e-05
158,72,101,19999.999803620878,-2.4576107534812763e-05,1.4087023501539616e-06,19999.999803620878,-2.4576107534812763e-05
159,72,18,19999.99980857227,-9.571882401360199e-06,1.3135793361561868e-05,19999.99980857227,-9.571882401360199e-06
162,73,16,19999.999796188422,-4.417228410602547e-06,1.6836504125918144e-05,19999.999796188422,-4.417226591613144e-06
161,73,179,19999.99983736359,9.170576959149912e-06,1.0979654033287362e-05,19999.99983736359,9.170576959149912e-06
163,73,104,19999.999790418988,-2.1900356841797475e-05,3.063018549637907e-05,19999.999790418988,-2.1900355932302773e-05
160,73,181,19999.999831594156,-8.312551472045016e-06,2.477333540374829e-05,19999.999831594156,-8.312552381539717e-06
167,74,17,19999.999812810394,-8.028955562622286e-06,2.0362858518463256e-05,19999.999812810394,-8.02895738161169e-06
164,74,42,19999.999839590975,8.086353773251176e-07,2.279978302541919e-05,19999.999839590975,8.086353773251176e-07
165,74,181,19999.999863971017,2.3718121155980043e-06,1.6265220360532513e-05,19999.999863971017,2.371813025092706e-06
166,74,104,19999.999810409834,-1.5303377040254418e-05,1.1391357390574639e-05,19999.999810409834,-1.5303376130759716e-05
169,75,15,19999.99976135301,3.018261031684233e-05,2.2458753085125226e-05,19999.99976135301,3.018261122633703e-05
170,75,107,19999.99975008926,-3.949965503124986e-06,4.2865855758450854e-05,19999.99975008926,-3.949964593630284e-06
171,75,184,19999.999871922708,3.6255072700441815e-05,1.999703217342149e-05,19999.999871922708,3.625507088145241e-05
168,75,44,19999.999822269754,5.028513623983599e-05,1.1024334314587539e-05,19999.999822269754,5.028513623983599e-05
172,76,179,19999.999819024386,3.1186400519800372e-06,3.0504581082291427e-05,19999.999819024386,3.1186391424853355e-06
174,76,107,19999.999800491623,1.268281448574271e-05,2.824558569492515e-05,19999.999800491623,1.2682812666753307e-05
175,76,16,19999.999794684874,-4.913398697681259e-06,3.639932183983865e-05,19999.999794684874,-4.913399607175961e-06
173,76,184,19999.999824831135,2.0714853235404007e-05,2.235084493737793e-05,19999.999824831135,2.0714851416414604e-05
178,77,14,19999.999533670012,5.720099215977825e-05,-6.525884795477819e-05,19999.999533670012,5.720099215977825e-05
179,77,110,19999.999521943755,2.166688318538945e-05,2.3089580320811403e-06,19999.999521943755,2.1666885004378855e-05
176,77,187,19999.9997236387,8.822621475701453e-05,-9.594963060293155e-06,19999.9997236387,8.822621384751983e-05
177,77,185,19999.999735364956,0.00012376032373140333,-7.716276904715249e-05,19999.999735364956,0.00012376032464089803
180,78,44,19999.99974322417,2.4200092411774676e-05,5.0835176711391675e-06,19999.99974322417,2.4200093321269378e-05
181,78,187,19999.999809515706,0.00011656562764983391,-3.4878992055675795e-05,19999.999809515706,0.00011656562855932862
182,78,110,19999.999729141047,9.004199000628432e-05,1.812050222695209e-05,19999.999729141047,9.004199091577902e-05
183,78,15,19999.999703036818,1.0938267223536968e-05,3.1583264812453106e-05,19999.999703036818,1.0938267223536968e-05
186,79,113,19999.99911493606,-0.00010244880377285881,-0.00010676715724972378,19999.99911493606,-0.00010244880468235351
184,79,12,19999.999676875083,-6.295609455264639e-05,-0.00025825559866280107,19999.999676875083,-6.295609273365699e-05
185,79,13,19999.99906088762,-0.00026623195572028635,-0.00031312295618732635,19999.999060887625,-0.00026623195844877046
187,79,190,20000.00034691094,0.0003041029058294953,2.967557799326697e-06,20000.00034691094,0.0003041029049200006
188,80,185,19999.999681704085,0.00010605223633319838,-2.396773660388216e-05,19999.999681704085,0.00010605223724269308
189,80,190,19999.999673754017,8.196112139557954e-05,-0.00010079561637098497,19999.999673754017,8.196111957659014e-05
190,80,113,19999.999444417062,6.279926310526207e-06,-0.0001088661326135424,19999.999444417062,6.279926310526207e-06
191,80,14,19999.99945236713,3.0371041248145048e-05,-3.203825284643959e-05,19999.99945236713,3.0371040338650346e-05
