,NID,U1,U2
0,643,0.0023028834195306185,-0.00012216612339814486
1,666,0.0023998524038323027,0.0
2,1311,0.0,0.0
3,1312,4.822124070632869e-05,0.0
4,1313,9.906680227959416e-05,0.0
5,1314,0.0001522481149828445,0.0
6,1315,0.00020729950011389098,0.0
7,1316,0.0002636824651761036,0.0
8,1317,0.00032089282044291465,0.0
9,1318,0.00037852809158988833,0.0
10,1319,0.0004363067538323896,0.0
11,1320,0.0004940547616486017,0.0
12,1321,0.0005516793597450123,0.0
13,1322,0.0006091410119004434,0.0
14,1323,0.0006664344688956606,0.0
15,1324,0.000723572162241605,0.0
16,1325,0.0007805747104780008,0.0
17,1326,0.0008374649509025568,0.0
18,1327,0.0008942647239761489,0.0
19,1328,0.0009509939136610677,0.0
20,1329,0.0010076689040782762,0.0
21,1330,0.0010643057036086782,0.0
22,1331,0.0011209200636314092,0.0
23,1332,0.0011775301575454617,0.0
24,1333,0.0012341596123956315,0.0
25,1334,0.0012908413491899947,0.0
26,1335,0.0013476226563080885,0.0
27,1336,0.0014045691308088022,0.0
28,1337,0.001461772592481574,0.0
29,1338,0.0015193541656358094,0.0
30,1339,0.0015774655897925042,0.0
31,1340,0.0016362828273493982,0.0
32,1341,0.0016959899359942545,0.0
33,1342,0.0017567533625461997,0.0
34,1343,0.001818702647796523,0.0
35,1344,0.0018819316944692207,0.0
36,1345,0.0018805456444910208,-2.342731728925003e-05
37,1346,0.0018764840558250543,-4.65101987641484e-05
38,1347,0.0018700515291501687,-6.898485466116338e-05
39,1348,0.0018617289609468696,-9.067132404523947e-05
40,1349,0.0018516063537301819,-0.00011136396421010466
41,1350,0.0018396683602014594,-0.00013057685576615873
42,1351,0.0018280724092011498,-0.0001451915058861592
43,1352,0.0017863726719809122,-0.00014354196602779634
44,1353,0.0017374236205628586,-0.00013971429002055768
45,1354,0.00168501504976199,-0.00013610933937313374
46,1355,0.0016307138191731696,-0.0001330141732094934
47,1356,0.0015752896715324858,-0.00013047737799759177
48,1357,0.0015191866716738793,-0.00012846798422113594
49,1358,0.0014626826672911187,-0.00012692440405031222
50,1359,0.0014059553278465556,-0.00012577349786647028
51,1360,0.0013491173273345028,-0.00012494197317430497
52,1361,0.001292237668847814,-0.00012436290658535045
53,1362,0.0012353578137284085,-0.0001239790952810449
54,1363,0.0011784997262505024,-0.00012374419341384577
55,1364,0.0011216747660464507,-0.00012362247408315285
56,1365,0.0010648886911916388,-0.00012358769692568064
57,1366,0.00100814565710883,-0.00012362144995252842
58,1367,0.0009514513178177156,-0.00012371112537268845
59,1368,0.000894815022534579,-0.00012384753920425138
60,1369,0.0008382536120749327,-0.00012402206074632716
61,1370,0.0007817913658357197,-0.00012422301896016684
62,1371,0.0007254636094027995,-0.0001244310065690893
63,1372,0.0006693182603484939,-0.00012461263214181103
64,1373,0.000613417247747178,-0.00012471215095556843
65,1374,0.0005578368703858615,-0.0001246403102987584
66,1375,0.0005026658310728281,-0.00012425962173146218
67,1376,0.0004480017710421067,-0.00012336505115904755
68,1377,0.0003939387413415504,-0.00012165867577271831
69,1378,0.00034054964980152145,-0.00011871500747464862
70,1379,0.0002878512145871344,-0.00011393357913471144
71,1380,0.00023574255107117634,-0.00010644807654426376
72,1381,0.0001838500165158948,-9.503531657131673e-05
73,1382,0.0001312165240672822,-7.741594594412948e-05
74,1383,7.425228749932516e-05,-5.144639332333501e-05
75,1384,0.0,0.0
76,1385,0.0,0.0
77,1386,0.0,0.0
78,1387,0.0,0.0
79,1388,0.0,0.0
80,1389,0.0,0.0
81,1390,0.0,0.0
82,1391,4.827355386715171e-05,-3.894242644985507e-06
83,1392,9.921522413124281e-05,-7.6105715855103655e-06
84,1393,0.0001525127273107764,-1.086087694684087e-05
85,1394,0.00020766458659871332,-1.3458627938680312e-05
86,1395,0.0002641062574333392,-1.5362571177333966e-05
87,1396,0.00032132680691428553,-1.6647510340235564e-05
88,1397,0.0003789334322474261,-1.7444440451749404e-05
89,1398,0.0004366601248007982,-1.7890150895542053e-05
90,1399,0.0004943470777175463,-1.8100901375097124e-05
91,1400,0.0005519113598569632,-1.8164814169008688e-05
92,1401,0.0006093190468210662,-1.814400777158031e-05
93,1402,0.0006665673807281732,-1.807986572525461e-05
94,1403,0.000723669307787917,-1.7998545493754045e-05
95,1404,0.0007806448560058246,-1.7915663877628015e-05
96,1405,0.0008375157476757173,-1.7839948086120065e-05
97,1406,0.0008943025284551518,-1.777596219542661e-05
98,1407,0.0009510237807613918,-1.7726108751799537e-05
99,1408,0.0010076946327433629,-1.769210800118635e-05
100,1409,0.0010643298470782673,-1.7676121369295658e-05
101,1410,0.0011209438374342117,-1.7681657483068714e-05
102,1411,0.0011775531870316907,-1.7714344960709713e-05
103,1412,0.0012341794669111672,-1.7782612964559773e-05
104,1413,0.0012908528182150238,-1.789825013688201e-05
105,1414,0.0013476167491860683,-1.8076708844633165e-05
106,1415,0.0014045318549507763,-1.8336837053604912e-05
107,1416,0.0014616837272641756,-1.8699457885963834e-05
108,1417,0.0015191865520913618,-1.9183769411518915e-05
109,1418,0.0015771858246793754,-1.9800248194672866e-05
110,1419,0.0016358541017392069,-2.053941169514669e-05
111,1420,0.0016953761373241878,-2.135925013994905e-05
112,1421,0.0017559208295470146,-2.2180292262942903e-05
113,1422,0.001817617436927582,-2.289851477327501e-05
114,1423,4.8448793981272704e-05,-7.944831933602066e-06
115,1424,9.970420671674196e-05,-1.5517898957359e-05
116,1425,0.00015336778120006399,-2.2075122011714345e-05
117,1426,0.00020882077203145935,-2.723255941393491e-05
118,1427,0.00026541942517344986,-3.0947313818920056e-05
119,1428,0.0003226457059762897,-3.3417074082717644e-05
120,1429,0.0003801450315434147,-3.4931520215225614e-05
121,1430,0.0004377026916708897,-3.5771346535912616e-05
122,1431,0.00049520054397896,-3.616477040276525e-05
123,1432,0.000552582884104585,-3.628111106481836e-05
124,1433,0.0006098304908786138,-3.623834376391429e-05
125,1434,0.0006669465560927789,-3.611460256913328e-05
126,1435,0.0007239446140674915,-3.595910913063349e-05
127,1436,0.0007808423915595992,-3.580118056359095e-05
128,1437,0.0008376580222716563,-3.565715720841651e-05
129,1438,0.0008944081068236452,-3.5535550705576963e-05
130,1439,0.0009511073787644374,-3.544081758463906e-05
131,1440,0.0010077673331368104,-3.5376148061706025e-05
132,1441,0.001064399193853258,-3.534558583886272e-05
133,1442,0.0011210136234238095,-3.53557406500139e-05
134,1443,0.0011776227707905912,-3.5417254649628454e-05
135,1444,0.0012342424641254872,-3.5546106272218566e-05
136,1445,0.0012908950255440764,-3.576471144327676e-05
137,1446,0.00134761321186341,-3.610260548647019e-05
138,1447,0.0014044431567516455,-3.6596175711079116e-05
139,1448,0.001461451978872901,-3.728646582540129e-05
140,1449,0.001518732371247874,-3.821321425735599e-05
141,1450,0.0015764088422115755,-3.940239365225705e-05
142,1451,0.001634640302393282,-4.084424833459299e-05
143,1452,0.00169361192101214,-4.246343601413773e-05
144,1453,0.0017535035246988545,-4.40978525856066e-05
145,1454,0.00181444498599884,-4.552077237758752e-05
146,1455,4.8817178413517694e-05,-1.234677698057408e-05
147,1456,0.00010068917559958905,-2.408353843207043e-05
148,1457,0.00015502739616666243,-3.4038138675747096e-05
149,1458,0.00021096153188200956,-4.1632321335202035e-05
150,1459,0.0002677437907212437,-4.6941615223328076e-05
151,1460,0.0003248862016887988,-5.0390734057272944e-05
152,1461,0.0003821369831954213,-5.247440300099401e-05
153,1462,0.00043937301415522556,-5.3617389829200426e-05
154,1463,0.0004965397142320237,-5.414701328165383e-05
155,1464,0.0005536182201575624,-5.4299065768929985e-05
156,1465,0.0006106067772956996,-5.42355095743757e-05
157,1466,0.0006675136721845832,-5.406283261582085e-05
158,1467,0.0007243504935414712,-5.384787147539745e-05
159,1468,0.0007811295586393041,-5.3630340355378104e-05
160,1469,0.0008378623337497299,-5.343231997434381e-05
161,1470,0.0008945587166052468,-5.326526878254481e-05
162,1471,0.0009512272493684434,-5.31351555509983e-05
163,1472,0.0010078738324673221,-5.3046254341217134e-05
164,1473,0.0010645044448710163,-5.300403281965575e-05
165,1474,0.0011211243477817997,-5.301749089921152e-05
166,1475,0.0011777393883838114,-5.310117248007127e-05
167,1476,0.001234357207792803,-5.3276975275411946e-05
168,1477,0.001290988819178273,-5.357573235164333e-05
169,1478,0.0013476510801982294,-5.4038336265174546e-05
170,1479,0.0014043680654486487,-5.471582396277425e-05
171,1480,0.0014611773875028429,-5.5667349644344504e-05
172,1481,0.0015181347447855516,-5.695389643535943e-05
173,1482,0.0015753233751462342,-5.8624006014205016e-05
174,1483,0.0016328665450613049,-6.0685295227304164e-05
175,1484,0.0016909382363983268,-6.30541706535273e-05
176,1485,0.001749743863116543,-6.549372066611983e-05
177,1486,0.0018094434429232263,-6.760860987547217e-05
178,1487,4.954589665564715e-05,-1.740785755706722e-05
179,1488,0.00010256271229296,-3.3831545239574175e-05
180,1489,0.00015794356574910285,-4.721515675215831e-05
181,1490,0.0002144507483453065,-5.6923515398516167e-05
182,1491,0.00027124348788894865,-6.343407119856654e-05
183,1492,0.00032805672308351,-6.756871280238446e-05
184,1493,0.0003848229873387919,-7.003263753975482e-05
185,1494,0.0004415409615314424,-7.137430686698888e-05
186,1495,0.0004982238499471767,-7.199315070464383e-05
187,1496,0.0005548848634503386,-7.216976038440464e-05
188,1497,0.000611532537820293,-7.20944889817374e-05
189,1498,0.0006681732446512939,-7.189186233975164e-05
190,1499,0.0007248106186198682,-7.163991314139306e-05
191,1500,0.0007814467446868405,-7.138501569405036e-05
192,1501,0.0008380827270154172,-7.115298127169912e-05
193,1502,0.0008947190523057721,-7.095722891190377e-05
194,1503,0.0009513561830565933,-7.080476820860195e-05
195,1504,0.00100799318621997,-7.070062953390299e-05
196,1505,0.0010646300361375643,-7.065124126538252e-05
197,1506,0.0011212661357188592,-7.066716859156698e-05
198,1507,0.0011779006773761686,-7.076547586342096e-05
199,1508,0.001234532617253072,-7.097186932340037e-05
200,1509,0.0012911606692081999,-7.132262072470478e-05
201,1510,0.0013477837742075943,-7.186608232956781e-05
202,1511,0.0014044000116058008,-7.266329182776207e-05
203,1512,0.0014610100708928927,-7.378678716863407e-05
204,1513,0.0015176190061345777,-7.531580229136731e-05
205,1514,0.0015742445137530646,-7.732441397246771e-05
206,1515,0.0016309346133857967,-7.985519122658489e-05
207,1516,0.0016878026480475065,-8.286182886394926e-05
208,1517,0.0017450675815271779,-8.608969842082554e-05
209,1518,0.0018030042644874317,-8.894382672169528e-05
210,1519,5.1182088785873746e-05,-2.3725384285461505e-05
211,1520,0.00010618447170928006,-4.5621010640686976e-05
212,1521,0.00016309361843347886,-6.209788193805916e-05
213,1522,0.00021974512056970947,-7.314195504317166e-05
214,1523,0.00027601048436439287,-8.03365249947202e-05
215,1524,0.00033204059707513074,-8.483444781468595e-05
216,1525,0.0003879939778772608,-8.750462784120701e-05
217,1526,0.00044397272494788313,-8.896345108541697e-05
218,1527,0.0005000305083412933,-8.964602846034823e-05
219,1528,0.0005561883943596301,-8.985323509075416e-05
220,1529,0.0006124467707187705,-8.978826993103912e-05
221,1530,0.0006687968939682179,-8.95841113239219e-05
222,1531,0.0007252253571274872,-8.932439038346843e-05
223,1532,0.0007817179761550516,-8.905912074076588e-05
224,1533,0.0008382616725673287,-8.881641639340146e-05
225,1534,0.0008948453023063349,-8.861112988227777e-05
226,1535,0.0009514601933325364,-8.845119631438009e-05
227,1536,0.0010080983912476712,-8.834234494356804e-05
228,1537,0.0010647543512519154,-8.829169678272414e-05
229,1538,0.001121422656065039,-8.831068016163367e-05
230,1539,0.0011780973577904849,-8.841753883003702e-05
231,1540,0.0012347706516171262,-8.863960245714101e-05
232,1541,0.0012914311760441298,-8.901533909725761e-05
233,1542,0.0013480622302678204,-8.95960453366093e-05
234,1543,0.0014046376312062082,-9.044678603038185e-05
235,1544,0.0014611209522637897,-9.1645992611722e-05
236,1545,0.001517461290982674,-9.328253856652259e-05
237,1546,0.001573593131889967,-9.544829402534407e-05
238,1547,0.0016294438465924291,-9.822126953338111e-05
239,1548,0.0016849657861710682,-0.00010162511682938912
240,1549,0.0017402340672230314,-0.00010551316938064146
241,1550,0.0017956249129150684,-0.00010922769079380553
242,1551,5.4809639144874216e-05,-3.301593974852363e-05
243,1552,0.0001146779198424151,-6.091063135605419e-05
244,1553,0.00017167098871820015,-7.842024643045719e-05
245,1554,0.0002270714961379299,-8.993019000797161e-05
246,1555,0.00028182258709342833,-9.732326362274347e-05
247,1556,0.0003364596477794369,-0.00010196555582479219
248,1557,0.000391247025634522,-0.00010475091079942294
249,1558,0.00044629850740711787,-0.00010630542341591768
250,1559,0.0005016448941856114,-0.00010706557763580237
251,1560,0.0005572734350935332,-0.00010733375003512466
252,1561,0.000613149479298946,-0.00010731516540209783
253,1562,0.0006692322373335236,-0.00010714526763373002
254,1563,0.0007254809893371851,-0.00010691022446266896
255,1564,0.0007818594355961906,-0.00010666240919053403
256,1565,0.0008383373850871672,-0.0001064319876147604
257,1566,0.0008948910502735683,-0.00010623551602410325
258,1567,0.000951502893319705,-0.00010608229598340862
259,1568,0.0010081591188937963,-0.00010597911665499737
260,1569,0.0010648505857165857,-0.00010593388066692537
261,1570,0.0011215697012786725,-0.00010595852873890839
262,1571,0.001178308840365879,-0.00010607152549254424
263,1572,0.0012350578986235086,-0.00010630006655830193
264,1573,0.001291801132629435,-0.0001066820227492635
265,1574,0.0013485133660157368,-0.00010726748771319634
266,1575,0.001405152941430651,-0.00010811959070829623
267,1576,0.0014616565562643512,-0.0001093141326311961
268,1577,0.0015179278659203464,-0.00011093727114182993
269,1578,0.001573824648154912,-0.0001130803431698065
270,1579,0.00162914153298703,-0.00011583029265596644
271,1580,0.001683591577364748,-0.00011925020417139898
272,1581,0.00173680985168115,-0.00012332795000632253
273,1582,0.0017885756242605672,-0.00012770411031496143
274,3061,0.0030956016196207474,-4.485369974428424e-05
275,3064,0.0031110955843416037,0.0
276,3737,0.003477540364154179,0.0
277,3738,0.0034692828393650694,-1.2236885379698336e-05
278,3739,0.003450283139706485,-2.980199005192391e-05
279,3740,0.003428404021838708,-4.794066052304555e-05
280,3741,0.0034253543578848587,-7.651119941828977e-05
281,3742,0.003530784542226909,-9.403993403786138e-05
282,3743,0.003625827825761313,-0.00010544517388221098
283,3744,0.003717029409662292,-0.00011295699198375113
284,3745,0.003806458073188153,-0.00011781339889321309
285,3746,0.0038952797554344786,-0.00012071550726584062
286,3747,0.003984058529011756,-0.00012231580811654187
287,3748,0.004073012609120376,-0.00012311417793271247
288,3749,0.004162186655556012,-0.00012345679195101082
289,3750,0.0042515523078423606,-0.00012356303476245692
290,3751,0.00434106014993802,-0.0001235612854734895
291,3752,0.004430663129633305,-0.00012352046502097757
292,3753,0.004520324653507344,-0.00012347371339352283
293,3754,0.004610019413587416,-0.00012343434081440858
294,3755,0.004699731386542327,-0.000123405700806829
295,3756,0.004789451208564277,-0.00012338682722092738
296,3757,0.004879173858002037,-0.00012337537396745962
297,3758,0.0049688969231800545,-0.00012336896992072037
298,3759,0.005058619437227297,-0.0001233657185994233
299,3760,0.005148341157586307,-0.00012336428345202852
300,3761,0.005238062154863718,-0.0001233638041312079
301,3762,0.0053277825986679725,-0.0001233637676601553
302,3763,0.005417502659721105,-0.00012336388878704145
303,3764,0.005507222476319467,-0.00012336401791225465
304,3765,0.005596942155315838,-0.00012336408137284089
305,3766,0.005686661785541952,-0.0001233640691911299
306,3767,0.005686661826818457,-9.252295245308433e-05
307,3768,0.00568666193641436,-6.16818829389101e-05
308,3769,0.0056866620621121656,-3.084090609209601e-05
309,3770,0.005686662116572596,0.0
310,3771,0.0055969425729910805,0.0
311,3772,0.00550722308678304,0.0
312,3773,0.005417503722073123,0.0
313,3774,0.005327784534245083,0.0
314,3775,0.005238065565934251,0.0
315,3776,0.00514834681111769,0.0
316,3777,0.005058628136929548,0.0
317,3778,0.004968909138579316,0.0
318,3779,0.004879188892914994,0.0
319,3780,0.0047894655727836535,0.0
320,3781,0.004699735896304849,0.0
321,3782,0.004609994432337112,0.0
322,3783,0.004520232900807842,0.0
323,3784,0.0044304398507850114,0.0
324,3785,0.0043406015543985,0.0
325,3786,0.004250705734167589,0.0
326,3787,0.004160750976615524,0.0
327,3788,0.004070766486585141,0.0
328,3789,0.003980849215081438,0.0
329,3790,0.003891227923220965,0.0
330,3791,0.003802365005899548,0.0
331,3792,0.0037150959303842174,0.0
332,3793,0.0036307379930164457,0.0
333,3794,0.0035510120595154513,0.0
334,3795,0.003546128784897833,-1.7815818688290698e-05
335,3796,0.0035342854202820516,-4.0018145308874744e-05
336,3797,0.0035256583219638047,-6.472046103327948e-05
337,3798,0.003628242009005389,-2.356914703966615e-05
338,3799,0.0036229070798480772,-5.0483902270415524e-05
339,3800,0.0036209756157823364,-7.68221060014834e-05
340,3801,0.0037141099575132013,-2.782861877962726e-05
341,3802,0.0037124689023411302,-5.7689140557300766e-05
342,3803,0.0037130431967451805,-8.482554157938034e-05
343,3804,0.0038021687234934456,-3.0515036976006118e-05
344,3805,0.0038022179982452973,-6.207488925749741e-05
345,3806,0.003803532389389867,-8.975802024904916e-05
346,3807,0.0038913601956521537,-3.201338357632749e-05
347,3808,0.003892004990463295,-6.449090793734903e-05
348,3809,0.0038933239569063477,-9.257110436564294e-05
349,3810,0.003981071637668288,-3.274362790623288e-05
350,3811,0.003981796388060769,-6.5647484498539e-05
351,3812,0.003982851965067239,-9.401324921857855e-05
352,3813,0.004070974869151644,-3.302016978160361e-05
353,3814,0.0040715782806701835,-6.605888038377197e-05
354,3815,0.004072324699884901,-9.4635781906673e-05
355,3816,0.004160910969621662,-3.3050216683154963e-05
356,3817,0.004161345905264588,-6.606459836662228e-05
357,3818,0.004161828329030799,-9.480675810349385e-05
358,3819,0.004250815104368392,-3.295943389996272e-05
359,3820,0.004251099440547587,-6.587109100377618e-05
360,3821,0.004251387564424671,-9.475278361263012e-05
361,3822,0.0043406700195072045,-3.281816212207093e-05
362,3823,0.00434084131574588,-6.5594242194739e-05
363,3824,0.0043409998932534355,-9.460252446145276e-05
364,3825,0.004430479395695128,-3.2662270128707956e-05
365,3826,0.0044305745411986255,-6.529326857745547e-05
366,3827,0.004430653489112365,-9.442261668620923e-05
367,3828,0.004520253836635837,-3.2507766501726564e-05
368,3829,0.004520301861521343,-6.499464800109097e-05
369,3830,0.004520335589980361,-9.424343895606815e-05
370,3831,0.004610004328951241,-3.236017031430618e-05
371,3832,0.004610025435257672,-6.470752580183846e-05
372,3833,0.004610035718950363,-9.407593037809668e-05
373,3834,0.004699739767237919,-3.2220062696119373e-05
374,3835,0.004699746801627798,-6.443286971924962e-05
375,3836,0.00469974637938896,-9.392170020322283e-05
376,3837,0.004789466471916176,-3.208611466771052e-05
377,3838,0.004789466975077467,-6.416847542378304e-05
378,3839,0.004789462693836839,-9.377862364638972e-05
379,3840,0.004879188535515852,-3.195657779902564e-05
380,3841,0.004879186576687046,-6.391143711790714e-05
381,3842,0.0048791817349853155,-9.364364700254824e-05
382,3843,0.004968908402326536,-3.182991103164543e-05
383,3844,0.00496890595766413,-6.365918977066103e-05
384,3845,0.004968901882736533,-9.351400121837988e-05
385,3846,0.005058627415848819,-3.170496532244204e-05
386,3847,0.005058625297693996,-6.340981816753294e-05
387,3848,0.005058622322834282,-9.338758661647117e-05
388,3849,0.005148346243202803,-3.1580969881684526e-05
389,3850,0.005148344675487088,-6.316203582540547e-05
390,3851,0.00514834269976803,-9.326297634218531e-05
391,3852,0.005238065168121964,-3.145744916165793e-05
392,3853,0.0052380641153549345,-6.291504793647206e-05
393,3854,0.005238062896870294,-9.313927962922669e-05
394,3855,0.005327784276053174,-3.133413165704591e-05
395,3856,0.005327783615570492,-6.266839990625463e-05
396,3857,0.005327782907709377,-9.301598133160127e-05
397,3858,0.00541750356176961,-3.12108743703526e-05
398,3859,0.005417503163873036,-6.242185134793673e-05
399,3860,0.005417502767011977,-9.289280490770482e-05
400,3861,0.005507222986281268,-3.108760812730617e-05
401,3862,0.005507222744249343,-6.217528483980407e-05
402,3863,0.0055072225171211315,-9.276961157259398e-05
403,3864,0.005596942502971546,-3.096429837586104e-05
404,3865,0.005596942339188953,-6.192864466782839e-05
405,3866,0.0055969421934515175,-9.264633522820313e-05
406,3867,0.0031573184550871994,-4.010279057984302e-05
407,3868,0.0032011157005333367,-2.946997725802834e-05
408,3869,0.003214029677530254,-1.6919371240822238e-05
409,3870,0.0032179846334703687,0.0
410,3872,0.003107536604913165,-2.1457272714016535e-05
411,3875,0.0032502053898397477,-1.89353070719849e-05
412,3876,0.0033017418784491164,-1.640888691031418e-05
413,3877,0.0033595637779453495,-1.9570818826507728e-05
414,3878,0.0034066446856102282,0.0
415,3879,0.003341440251763627,0.0
416,3880,0.0032788153344096662,0.0
417,3883,0.003271870491195117,-1.2409497020989679e-05
418,3884,0.003331798611381632,-1.054588747620851e-05
419,3885,0.0033984498343254265,-9.115615480175457e-06
420,3886,0.0023339736908337965,-0.00012251836966720953
421,3887,0.0023655264345443052,-0.00012305891769756987
422,3888,0.0023975321971594376,-0.00012379652967711672
423,3889,0.0024299707570309276,-0.0001247370080476153
424,3890,0.0024628119139459555,-0.00012590549162696204
425,3891,0.0024960395317549463,-0.0001272962980500681
426,3892,0.002529458965048481,-0.00012890398516347847
427,3893,0.0025630337679820488,-0.00013068369312069496
428,3894,0.0025966116221630264,-0.00013260994670259571
429,3895,0.002629985464513215,-0.0001346239094400471
430,3896,0.002662818365518574,-0.00013655823030909103
431,3897,0.002694891033020711,-0.00013835713024757117
432,3898,0.0027250796178969047,-0.00013915318316972184
433,3899,0.002753074234494998,-0.0001386787824722063
434,3900,0.002778083167048525,-0.00013524346146646848
435,3901,0.002798646248134279,-0.00012691350151357222
436,3902,0.0028138521159153545,-0.00010883813125778106
437,3903,0.0028551573132312444,-0.0001083033043742744
438,3904,0.002909008909378188,-0.00010744959905074305
439,3905,0.002968362276752476,-0.00010232292052917724
440,3906,0.0030277079926989297,-9.18986798841275e-05
441,3907,0.0030719253706677024,-7.202808724583253e-05
442,3908,0.003055639100575866,0.0
443,3909,0.0030012983571309068,0.0
444,3910,0.002948478354270746,0.0
445,3911,0.0028977323413135947,0.0
446,3913,0.002803475155572284,0.0
447,3914,0.0027595904217578493,0.0
448,3915,0.002717626662749401,0.0
449,3916,0.0026774035290226604,0.0
450,3917,0.0026387588122746487,0.0
451,3918,0.002601512981785891,0.0
452,3919,0.0025655142426450456,0.0
453,3920,0.002530617288732533,0.0
454,3921,0.0024967041835004303,0.0
455,3922,0.0024636666348377316,0.0
456,3923,0.002431407729918033,0.0
457,3924,0.0023992918335120845,-1.0614571796337059e-05
458,3925,0.0023973918897585616,-2.1267892573158354e-05
459,3926,0.0023942946315672724,-3.1756054746099336e-05
460,3927,0.0023899645274364197,-4.2051456628176746e-05
461,3928,0.0023844558627822672,-5.210790036915879e-05
462,3929,0.0023778082175083455,-6.190114174597821e-05
463,3930,0.0023701204651400683,-7.140701726955843e-05
464,3931,0.0023613841559785185,-8.06061808912222e-05
465,3932,0.0023516397969629886,-8.94951006318639e-05
466,3933,0.002340911949707653,-9.808466712673229e-05
467,3934,0.002329213650460172,-0.00010638622806300236
468,3935,0.0023165440955651537,-0.00011440984900163264
469,3936,0.003049650265807956,-2.2589306384091627e-05
470,3937,0.0029928755349252407,-2.2553066689451686e-05
471,3938,0.002938334750989344,-2.1366059757039495e-05
472,3939,0.002888196242185953,-1.899811180278566e-05
473,3940,0.0028058381449997246,-1.847907090253161e-05
474,3941,0.002760398747915341,-1.7643648208800008e-05
475,3942,0.0027173186391051232,-1.664949866508624e-05
476,3943,0.0026765741336106734,-1.5581875375259003e-05
477,3944,0.0026376130418318275,-1.4625109227236928e-05
478,3945,0.0026002981009494138,-1.3747567079589382e-05
479,3946,0.0025642667263932545,-1.3017723633817826e-05
480,3947,0.002529458409170284,-1.2372587251592216e-05
481,3948,0.002495636127695194,-1.1843427296449203e-05
482,3949,0.0024627500282966217,-1.138416323664454e-05
483,3950,0.0024306494848606564,-1.1004192184136959e-05
484,3951,0.0023898425206731813,-8.20685376726667e-05
485,3952,0.002418464133639191,-8.385943661994278e-05
486,3953,0.002447367035224462,-8.604156959464741e-05
487,3954,0.002476024172416564,-8.88340874939307e-05
488,3955,0.0025051062626201613,-9.229271981086066e-05
489,3956,0.002534679458410568,-9.6615291615411e-05
490,3957,0.0025673773870803283,-0.00010022239956834753
491,3958,0.0025992406470477223,-0.00010392304582011078
492,3959,0.002629987904817429,-0.00010750514272241904
493,3960,0.0026580566783822005,-0.00011147325825244613
494,3961,0.002682727561418821,-0.00011555087817042917
495,3962,0.002703370436400668,-0.00012173388730647325
496,3963,0.002730592039132843,-0.00012873618468746384
497,3964,0.0027699742847903594,-0.0001303984463443272
498,3965,0.0028022410926558834,-0.0001294091432110892
499,3966,0.002830378699389668,-0.00012347145811804724
500,3967,0.002874795894893548,-0.00011792092300565667
501,3968,0.0029241265764881905,-0.00010823660855675261
502,3969,0.002971727620190227,-9.21813326009922e-05
503,3970,0.0030103427552068316,-7.089908966706196e-05
504,3971,0.0030357578633740385,-4.626023516849924e-05
505,3972,0.002428542318567711,-2.1907134439962525e-05
506,3973,0.0024250692611559005,-3.267388062205618e-05
507,3974,0.0024203378960452175,-4.319745675947677e-05
508,3975,0.0024143181328971767,-5.3450056666868665e-05
509,3976,0.0024072037594242493,-6.33589655882797e-05
510,3977,0.002398956018887031,-7.291832434716385e-05
511,3978,0.0024603490585653988,-2.267183035923306e-05
512,3979,0.0024565448417043128,-3.3747236807616316e-05
513,3980,0.0024512780547196467,-4.457183115637741e-05
514,3981,0.0024447969673992193,-5.502405526794868e-05
515,3982,0.002436984413995969,-6.510760339433797e-05
516,3983,0.002428253361916406,-7.470950716621234e-05
517,3984,0.002492993134439958,-2.3548647244038136e-05
518,3985,0.0024887052680115547,-3.504411460383935e-05
519,3986,0.0024830078932226948,-4.6172639771354754e-05
520,3987,0.0024757546164577656,-5.6934074422115816e-05
521,3988,0.0024674039345802764,-6.71687751917957e-05
522,3989,0.002457710937381642,-7.692442663893648e-05
523,3990,0.0025264740939639047,-2.4614698311266493e-05
524,3991,0.0025218255811371468,-3.654036416239514e-05
525,3992,0.0025153737595216396,-4.812064438018039e-05
526,3993,0.002507571980819638,-5.915081463322301e-05
527,3994,0.002498141568426972,-6.969933485169493e-05
528,3995,0.0024877549036274042,-7.956771388580184e-05
529,3996,0.0025610651201873435,-2.5835245771101488e-05
530,3997,0.0025557809370428514,-3.8363738365940036e-05
531,3998,0.0025488040710100485,-5.034968162880119e-05
532,3999,0.00253990897569014,-6.184389271768871e-05
533,4000,0.002529787797241365,-7.260893074534434e-05
534,4001,0.0025179671492782437,-8.283367940086866e-05
535,4002,0.002596720708310541,-2.7320544119488177e-05
536,4003,0.0025910025804821,-4.04325699854894e-05
537,4004,0.0025829714753452604,-5.305236390422624e-05
538,4005,0.0025733472357058317,-6.486105669232983e-05
539,4006,0.0025618457681781145,-7.606405149346461e-05
540,4007,0.0025492856473659097,-8.647208086857161e-05
541,4008,0.0028379053729683432,-0.00012128552627399659
542,4009,0.0028783650949408953,-0.00010862557143891867
543,4010,0.002918166072268671,-9.105747156576141e-05
544,4011,0.0029519012454568487,-6.928982098947271e-05
545,4012,0.002976380215238966,-4.5744277169443465e-05
546,4013,0.0026338613214115037,-2.8988063864755892e-05
547,4014,0.00262727119850312,-4.2943648636840506e-05
548,4015,0.0026184329239082507,-5.607564029332142e-05
549,4016,0.002607268715786243,-6.845304726729249e-05
550,4017,0.002594946310188771,-7.97265189591062e-05
551,4018,0.002581284480267511,-9.035836090970802e-05
552,4019,0.002919586927522857,-4.259815575005722e-05
553,4020,0.0028627001272136243,-3.5931187492462215e-05
554,4021,0.002805000913132671,-3.718402136668507e-05
555,4022,0.0027567489470553897,-3.5390267404883594e-05
556,4023,0.0027132847236140153,-3.3111287776801035e-05
557,4024,0.0026724686217144493,-3.097540102431946e-05
558,4025,0.0026652099534547596,-4.5754784501247394e-05
559,4026,0.0026546828967203904,-5.97484567424994e-05
560,4027,0.002642150304478177,-7.239303460235285e-05
561,4028,0.0026278993988781397,-8.39752061789312e-05
562,4029,0.0026135998309129945,-9.423897459339821e-05
563,4030,0.0028963707356430696,-6.603385560758489e-05
564,4031,0.0028432773141826833,-6.0964971571281e-05
565,4032,0.0027922692698397994,-5.699263079329572e-05
566,4033,0.0027468500166990964,-5.28553331485643e-05
567,4034,0.0027046838326805524,-4.913102346673396e-05
568,4035,0.0026924172785115596,-6.389257084372464e-05
569,4036,0.002677013338509922,-7.7207733992762e-05
570,4037,0.0026608049684435455,-8.84916883502721e-05
571,4038,0.0026446324297244566,-9.864294463510758e-05
572,4039,0.0028664409892187547,-8.759020594521616e-05
573,4040,0.002815862060983708,-8.227019372517303e-05
574,4041,0.0027722359734397312,-7.50521607730721e-05
575,4042,0.002731195763487212,-6.902326582993397e-05
576,4043,0.002712230377200674,-8.274687822872951e-05
577,4044,0.0026919736455425854,-9.388309790402138e-05
578,4045,0.0026742083253049015,-0.00010311076009947078
579,4046,0.002830877172897717,-0.00010594833142258081
580,4047,0.0027793294668319053,-0.00010130299593812428
581,4048,0.0027464252701123347,-9.01377981297415e-05
582,4049,0.0027205282650113838,-9.954299646298385e-05
583,4050,0.0027008108238879376,-0.00010821459547967546
584,4051,0.0027989678002312613,-0.00012021892574610513
585,4052,0.002726152697900752,-0.0001131427204619897
586,4053,0.002758423196838211,-0.00011686304019564152
587,4054,0.002741473953357737,-0.00010504275702137574
588,4055,0.0026996729166548572,-0.00013152859604559516
589,4056,0.0026741744224274677,-0.00012737938381895335
590,4057,0.0026390598244566215,-0.00012623733185764642
591,4058,0.0026455071433451496,-0.0001186173821053004
592,4059,0.002606876815497913,-0.00012413610922069727
593,4060,0.002617066444341322,-0.00011595838365907873
594,4061,0.002574559515975328,-0.00012186035834124817
595,4062,0.0025861786772302764,-0.00011291002251087767
596,4063,0.0025422290085944928,-0.00011949964212000805
597,4064,0.002553154433445004,-0.00010998054699771745
598,4065,0.0025111194493412843,-0.00011731436826615105
599,4066,0.0025169650195907885,-0.00010694248525433737
600,4067,0.002490499771003565,-0.00010092904816196526
601,4068,0.0024639561131763114,-9.720893922367848e-05
602,4069,0.002436253609628761,-9.45577677480927e-05
603,4070,0.0024082223795263524,-9.247374405404283e-05
604,4071,0.002379823649657792,-9.083776327590746e-05
605,4072,0.002462029616522691,-0.00011948017956742015
606,4073,0.002467358596965439,-0.00011334229663076968
607,4074,0.002476145854245625,-0.00010715645364519041
608,4075,0.0024520315997915852,-0.00010457042852124744
609,4076,0.0024254928269428024,-0.00010237508479807933
610,4077,0.0023975161668580943,-0.00010062929528495925
611,4078,0.0023692349222249097,-9.9213580904464e-05
612,4079,0.0024352347158586333,-0.00011812346410681143
613,4080,0.0024426626996022177,-0.00011143653985989056
614,4081,0.0024062270740616465,-0.00011686913915047757
615,4082,0.002415347261511902,-0.00010977309200442226
616,4083,0.0023869623902617767,-0.00010837275585862654
617,4084,0.0023580285652097873,-0.00010726141250320159
618,4085,0.00237632674267984,-0.00011583233751700024
619,4086,0.0023463440582774343,-0.00011501199591838334
620,4087,0.002488770415860249,-0.00011524720824170834
621,4088,0.0024822520119390534,-0.00012067001056249082
622,4089,0.002493824239392112,-0.00010982158033295487
623,4091,0.002667494630749615,-0.00012074425424336704
624,4096,0.003068962657523474,-2.1211382311392468e-05
625,4101,0.0028339907981402477,-3.664417772246694e-05
626,4171,0.003385020266659102,-5.8621790461938526e-05
627,4180,0.0029500981202991543,-0.00010942733688335221
628,4186,0.002888870391751515,-0.0001113857828451383
629,4192,0.00301441011201482,-0.00010270587424811333
630,4194,0.003075848360659273,-8.761324754815782e-05
631,4196,0.0028254192335106154,-7.518760562723504e-05
632,4199,0.002837738965956425,-0.00010999726757346626
633,4203,0.0031783497357922266,-3.422169768031051e-05
634,4206,0.003224612051780922,-1.9276725289473967e-05
635,4208,0.0032739837063986417,-1.1228550069217736e-05
636,4210,0.0033280077366624875,-1.3124582778098294e-05
637,4211,0.003092572171140158,-5.8961832980530506e-05
638,4212,0.003126505278131453,-4.271760175741435e-05
639,4213,0.003433173866320528,-3.8229148399429914e-05
640,4214,0.0034036854285569482,-2.4134789884013645e-05
641,4215,0.0031643864768763938,0.0
642,4216,0.0031602398348330465,-1.9564344202027887e-05
643,4217,0.00185409774325222,-0.00014240841310595652
644,4218,0.0018853865575062193,-0.00013885933755728594
645,4219,0.0019195789383596876,-0.00013564105932624738
646,4220,0.0019559246790262458,-0.00013261815013296355
647,4221,0.001994631548624916,-0.00013017495991766686
648,4222,0.002034527874959726,-0.00012781385567326974
649,4223,0.002075861361070803,-0.00012581544712630065
650,4224,0.002118665813624861,-0.0001241624348714674
651,4225,0.0021628236770299776,-0.0001229824548923562
652,4226,0.0022082558179576696,-0.00012227097634770004
653,4227,0.0022549172457928474,-0.00012203239921672344
654,4228,0.0023474908330254366,0.0
655,4229,0.0022963308645031688,0.0
656,4230,0.0022466634674566384,0.0
657,4231,0.002198190649392605,0.0
658,4232,0.002150738864590999,0.0
659,4233,0.0021041982191926855,0.0
660,4234,0.002058485913366911,0.0
661,4235,0.002013468424586348,0.0
662,4236,0.001969006036105488,0.0
663,4237,0.0019250926807724388,0.0
664,4238,0.0023615090224937013,-4.821975774717434e-05
665,4239,0.0023211603285408482,-4.920089810858176e-05
666,4240,0.00227893794434371,-4.7391971033848565e-05
667,4241,0.002236504331991348,-4.689559926955048e-05
668,4242,0.0021916304020905566,-4.7809165740860444e-05
669,4243,0.0021435742408948324,-4.795885734766587e-05
670,4244,0.002095057161740396,-4.8396499161182733e-05
671,4245,0.002045913556466904,-4.8378619375156866e-05
672,4246,0.0019957480755894244,-5.014874643919293e-05
673,4247,0.0019370123278994876,-4.9817257208055053e-05
674,4248,0.0019065292917488793,-0.000108529064796664
675,4249,0.0019583684460153746,-0.00010653153919663652
676,4250,0.002007466955727739,-0.00010596724783183444
677,4251,0.002056234535865198,-0.00010434566086300697
678,4252,0.0021036334518650195,-0.00010311239497257538
679,4253,0.002148991587799941,-0.0001028443394276993
680,4254,0.002188939339022798,-0.00010424555300888706
681,4255,0.0022256596594759084,-0.0001057814432581421
682,4256,0.0022597959894444784,-0.00010756679280725869
683,4257,0.002289694479303417,-0.00011005068897992248
684,4258,0.0019299964493937817,-7.022609603904224e-05
685,4259,0.0019183712708448844,-9.004912937573071e-05
686,4260,0.0019924481427094367,-7.028965402190734e-05
687,4261,0.0019746737100156376,-9.002542938055392e-05
688,4262,0.0020444296047153632,-6.458175271282397e-05
689,4263,0.002037369302743369,-7.666531630457995e-05
690,4264,0.0020222316657576727,-9.15142675684162e-05
691,4265,0.0020905452826387957,-6.347536708859736e-05
692,4266,0.0020820493820349574,-7.659005699147307e-05
693,4267,0.0020701650519645786,-9.059641982921492e-05
694,4268,0.0022697194898755498,-9.972581869488796e-05
695,4269,0.002280667788081651,-9.146845297417862e-05
696,4270,0.0022907112703944225,-8.271746114194306e-05
697,4271,0.002299832594459625,-7.313564737895895e-05
698,4272,0.0023090251104056895,-6.237783590055831e-05
699,4273,0.0021383571337857286,-6.304215472444162e-05
700,4274,0.0021285008393181143,-7.683159576157675e-05
701,4275,0.002118032793321864,-9.010131970331163e-05
702,4276,0.002259883615082492,-8.037348624411393e-05
703,4277,0.002229929792200817,-7.883354096911332e-05
704,4278,0.0022028040026079404,-7.786008749609742e-05
705,4279,0.002172901936422854,-7.719839646399206e-05
706,4280,0.00216898408917785,-8.995850579147742e-05
707,4281,0.0022377616409204396,-9.724843223821874e-05
708,4282,0.0022499644646330023,-8.899495386522798e-05
709,4283,0.002204205592683765,-9.452858588483204e-05
710,4284,0.002220863722838105,-8.684301556807991e-05
711,4285,0.0021974339351758234,-8.492533331240207e-05
712,4286,0.0022673411777590063,-7.102911565858446e-05
713,4287,0.0022726117428252717,-6.024024692835244e-05
714,4288,0.0022339344089836064,-6.036041318978761e-05
715,4289,0.0021898974092960013,-6.385659900872502e-05
716,4290,0.0022356481013477516,-7.017167016782167e-05
717,4291,0.002209535586206265,-7.06360915247476e-05
718,4292,0.0023001171033707997,-0.00010265051722060444
719,4293,0.002350598609350062,-5.649944595636326e-05
720,4294,0.0023109531443943083,-9.450149575776438e-05
721,4295,0.0023404178718059165,-6.667327706709297e-05
722,4296,0.0023310554344340238,-7.65760295573727e-05
723,4297,0.002321338704425967,-8.580186859734321e-05
724,4298,0.0020891776943289383,-0.00011503463319221793
725,4299,0.002042819744603715,-0.00011697293395202953
726,4300,0.0018957941995152484,-0.00012333436893659564
727,4301,0.0018940086479719534,-0.00013208942622372166
728,4302,0.001943520871895318,-0.0001199648816658417
729,4303,0.0019290985925960959,-0.00012895086102297405
730,4304,0.0019898404296493383,-0.00012029235288728345
731,4305,0.001958231563632482,-0.00012734688468153031
732,4306,0.0018636542920964594,-0.00013561076913809383
733,4307,0.0022158053099024444,-0.00011414674019516345
734,4308,0.0021753586251168724,-0.00011382342914150998
735,4309,0.0021334214676355127,-0.00011398546858006924
736,4310,0.002253211677405802,-0.00011480695612511792
737,4311,0.002282010259159392,-0.00011564874192805423
738,4312,0.0022834068667015586,-3.300227747737885e-05
739,4313,0.002290730678888583,-1.750438368179363e-05
740,4314,0.002054986056296692,-1.6029370120675636e-05
741,4315,0.00205030115859235,-3.221694157732476e-05
742,4316,0.00224008668070122,-3.218792522986496e-05
743,4317,0.00224394712873618,-1.6461722128163466e-05
744,4318,0.0021022219420077258,-1.6130124034869537e-05
745,4319,0.0020989273275464106,-3.2237119778981584e-05
746,4320,0.0021943416031089515,-3.213090695432655e-05
747,4321,0.0021969182530159224,-1.623004153213465e-05
748,4322,0.0021495676965150846,-1.615891786165095e-05
749,4323,0.0021469568000153454,-3.223276368778031e-05
750,4324,0.0019999393067248396,-3.208032410407487e-05
751,4325,0.0020076777471503397,-1.570301432892104e-05
752,4326,0.0019450033752532677,-3.0039596585046953e-05
753,4327,0.001961236273603428,-1.466879217628513e-05
754,4328,0.0019222542506063735,-1.2737794631087104e-05
755,4329,0.002369532837073886,-2.0667722178046423e-05
756,4330,0.002336929181307633,-2.049037095468285e-05
757,4331,0.002322612024505466,-3.5061849999752735e-05
758,4332,0.0023708002628307816,-3.0233192794984526e-05
759,4333,0.0023674342553874025,-3.9457333298982826e-05
760,4334,0.0023721207530715384,-1.0348504237896312e-05
761,4335,0.0023516225280151228,-2.9322932161378632e-05
762,4336,0.0023431965999639146,-4.495377565606796e-05
763,4337,0.0023461034435709053,-3.7073851707592923e-05
764,4338,0.003362044120205726,-5.428947236118835e-05
765,4339,0.0032622416697255436,-3.900861998576771e-05
766,4340,0.0031617600073544287,-2.485365304950267e-05
767,4341,0.00298757915818218,-2.3223146049798318e-05
768,4342,0.002923003579673879,-2.832801200498167e-05
769,4343,0.0028734782771076975,-3.348216044697171e-05
770,4344,0.0031250974152284426,-5.625934083104656e-05
771,4345,0.0031710105159032166,-3.955651081368828e-05
772,4346,0.003226747925142174,-2.8010938398327134e-05
773,4347,0.0032775745393383206,-2.3828181619993228e-05
774,4348,0.003348154071289588,-3.287687754855108e-05
775,4349,0.0028711525496050746,-7.080191232405415e-05
776,4350,0.002941125573531041,-6.419016186232371e-05
777,4351,0.0030036605408127145,-7.028662645265896e-05
778,4352,0.0030605493742648458,-6.577413249784861e-05
779,4353,0.003012695114709694,-4.993572975644196e-05
780,4354,0.003050268772402479,-5.706622097888921e-05
781,4355,0.003100194372433556,-5.251280070360634e-05
782,4356,0.0030749695626449292,-4.069370918028909e-05
783,4357,0.0031285089393197443,-3.767080171929263e-05
784,4358,0.0031796652684856733,-3.344154519492782e-05
785,4359,0.0031944851280630193,-2.7565020215113666e-05
786,4360,0.003134815847557916,-3.099359513153857e-05
787,4361,0.0030817469149565413,-4.812430542502754e-05
788,4362,0.0031569522935060946,-3.9275598431753505e-05
789,4363,0.0031177367389796195,-4.495328767257196e-05
790,4364,0.0032393767457881244,-2.5377032530323942e-05
791,4365,0.0031867654879095824,-3.0213968106596262e-05
792,4366,0.003205049919787802,-3.068922258503756e-05
793,4367,0.003252876577124345,-2.588207439676865e-05
794,4368,0.003271442153363862,-2.678771563678742e-05
795,4369,0.0032113451134592637,-3.10142418919756e-05
796,4370,0.003181474875186686,-2.6678517194309367e-05
797,4371,0.0031653650482947864,-2.9357664302114077e-05
798,4372,0.003131875737130202,-3.421375862150459e-05
799,4373,0.0031548577944077215,-3.558156346248942e-05
800,4374,0.0030740118893928096,-3.176812313172191e-05
801,4375,0.003102015566268676,-3.934094761894874e-05
802,4376,0.003104426913111364,-2.7751359432508207e-05
803,4377,0.0031131936840570794,-2.2364186796610065e-05
804,4378,0.0030029713846039243,-3.9079587558733604e-05
805,4379,0.0030429459406185635,-4.5240541166227194e-05
806,4380,0.003025235080277236,-2.096419141040723e-05
807,4381,0.003136229553592568,-4.6242733830662234e-05
808,4382,0.0030800940765581476,-5.978756782511208e-05
809,4383,0.0030884500064401583,-6.101822268515535e-05
810,4384,0.0031478456990942988,-4.6225303075984216e-05
811,4385,0.003031607341821213,-6.768816308733386e-05
812,4386,0.003076153540627174,-5.548042492532869e-05
813,4387,0.0030262499416059867,-6.418367979999233e-05
814,4388,0.0029740383230382073,-5.808925762327739e-05
815,4389,0.0029522605308832,-2.438480316442613e-05
816,4390,0.002935090744230986,-5.1628653469503824e-05
817,4391,0.0029714807053084335,-6.773670958110557e-05
818,4392,0.003033208764540347,-5.451812196583206e-05
819,4393,0.0029030034054452086,-6.697231651677e-05
820,4394,0.002896301945343383,-2.9775424219536176e-05
821,4395,0.0028732375243214143,-5.4297870911707415e-05
822,4396,0.002845918880982516,-7.28636969274306e-05
823,4397,0.002852790854429759,-3.456541232074158e-05
824,4398,0.0028298048094114805,-5.694093966486786e-05
825,4399,0.002863570453303018,-9.077634404264038e-05
826,4400,0.0028196604085554185,-9.249194924464718e-05
827,4401,0.0029251761808443202,-8.613889320601571e-05
828,4402,0.0029856472689443153,-8.636409157252058e-05
829,4403,0.003044660720146283,-7.941554555368393e-05
830,4404,0.003097697735264761,-6.854743523620067e-05
831,4405,0.0033104064915304115,-4.730089314678521e-05
832,4406,0.003313114822575293,-2.502257424760259e-05
833,4407,0.0033651927941059693,-4.3747852255212915e-05
834,4408,0.003394393707749574,-5.99856650689927e-05
835,4409,0.003387156948556142,-4.786462949252764e-05
836,4410,0.003188953039240874,-3.428146489012768e-05
837,4411,0.003151246510067118,-4.8642569756041594e-05
838,4412,0.0031979140687109146,-3.371493153379496e-05
839,4413,0.003239597739799895,-2.3058989580025232e-05
840,4414,0.0032915458006390393,-2.044530139869623e-05
841,4415,0.003345591070500104,-2.533792826958923e-05
842,4416,0.0030789401969641503,-4.4750764164893896e-05
843,4417,0.003065689672599295,-5.268634538248324e-05
844,4418,0.0031091138425900556,-4.879337460614654e-05
845,4419,0.003100052479059371,-4.6697322769530074e-05
846,4420,0.0031233598945039627,-4.142272771218367e-05
847,4421,0.0031682512534182933,-3.615017635652277e-05
848,4422,0.003137743867271215,-4.212461926085798e-05
849,4423,0.0031640809864239986,-3.9446880529158086e-05
850,4425,0.003065524325584458,-4.5695014099999185e-05
851,4426,0.003055319730247652,-5.854721362763047e-05
852,4428,0.0031038007733109794,-3.242654133594728e-05
853,4429,0.0030727870215049896,-3.380504270060739e-05
854,4432,0.003131144549088053,-3.0745654448944715e-05
855,4434,0.0034593408181548286,-1.935591057841051e-05
856,4435,0.003418532433137497,-1.5798942276871537e-05
857,4437,0.003490800168997946,-3.3630023085083814e-05
858,4438,0.003499763089043103,-2.421963724061968e-05
859,4441,0.00348252366929993,-4.413682798616641e-05
